;Title, http://www.gcdataconcepts.com, X6-2mini
;Version, 915, Build num, 0x800, Build date, 20100407 18:07:03,  SN:CCDC22011000155
;Start_time, 1900-01-02, 15:40:04.005
;Switch, Unknown
;Temperature, 70.50, deg C
;Gain, high
;SampleRate, 40,Hz
;Deadband, 0, counts
;DeadbandTimeout, 0,sec
;Headers, time,Ax,Ay,Az
1.593,1221,260,-191
1.617,1108,120,-218
1.643,1106,137,-261
1.667,1163,224,-307
1.692,1168,265,-350
1.718,1101,231,-386
1.742,1029,185,-390
1.768,1001,182,-355
1.792,962,193,-299
1.817,926,217,-255
1.842,922,250,-250
1.867,955,262,-284
1.893,980,257,-320
1.917,968,264,-307
1.942,1016,230,-295
1.967,1084,250,-256
1.992,1116,281,-225
2.018,1168,283,-147
2.042,1392,220,-248
2.068,1158,69,-320
2.092,1193,-48,-497
2.118,1123,-263,-621
2.143,1113,-504,-251
2.167,1031,-447,-69
2.193,832,-435,-138
2.217,727,-483,-399
2.243,571,-560,-121
2.268,534,-601,-77
2.292,637,-586,-197
2.318,597,-528,-145
2.342,719,-601,-282
2.367,851,-569,-293
2.393,669,-444,-272
2.417,684,-548,-328
2.443,726,-607,-753
2.467,988,-615,-563
2.492,546,-467,-378
2.518,601,-436,-668
2.542,557,-379,-1181
2.568,238,-286,-1696
2.592,654,-474,-305
2.617,1084,-371,-769
2.642,884,-399,-1151
2.667,364,351,-457
2.692,741,488,-593
2.717,774,656,-576
2.742,843,527,-537
2.767,973,652,-444
2.792,963,749,-209
2.817,877,739,-41
2.842,783,540,-13
2.867,767,355,10
2.892,726,272,64
2.917,677,254,92
2.942,574,376,102
2.967,741,528,142
2.992,988,537,9
3.017,1073,514,-9
3.042,1137,562,35
3.068,1250,561,-116
3.092,1300,596,-178
3.118,1393,687,-245
3.142,1384,558,-484
3.167,1448,477,-619
3.193,1684,633,-699
3.217,1414,369,-642
3.243,913,-89,-478
3.267,957,-101,-450
3.292,970,160,-520
3.317,898,426,-490
3.342,925,613,-430
3.367,1045,668,-390
3.392,1064,656,-313
3.417,985,643,-278
3.442,849,680,-271
3.467,850,669,-249
3.492,924,610,-232
3.517,888,575,-165
3.542,815,527,-40
3.567,735,477,43
3.592,719,514,68
3.617,782,602,63
3.642,817,642,33
3.667,912,668,85
3.691,1034,752,203
3.717,1069,722,308
3.741,991,537,344
3.767,989,376,264
3.792,1149,383,51
3.816,1219,413,-185
3.842,1106,367,-253
3.866,974,318,-123
3.892,847,240,49
3.917,738,229,68
3.941,700,236,-9
3.967,705,254,-59
3.991,750,254,-49
4.017,802,279,-30
4.042,826,286,14
4.067,881,276,98
4.092,1004,285,159
4.117,1139,288,162
4.142,1254,315,147
4.166,1429,439,181
4.192,1474,439,174
4.217,1337,247,145
4.242,1233,151,173
4.267,1254,262,216
4.291,1307,414,242
4.317,1296,502,280
4.342,1229,495,355
4.366,1091,433,388
4.392,967,420,335
4.416,890,462,239
4.442,883,528,158
4.467,807,522,131
4.491,727,503,138
4.517,679,508,158
4.541,633,521,183
4.567,604,545,188
4.592,597,566,179
4.616,628,551,264
4.642,721,522,395
4.666,816,454,492
4.691,890,343,527
4.716,971,313,458
4.741,1072,418,260
4.767,1185,493,70
4.791,1276,409,1
4.816,1310,364,-80
4.841,1603,369,-829
4.866,1440,180,-1584
4.892,1037,235,-1200
4.916,621,220,-524
4.941,685,412,-218
4.966,762,629,-105
4.991,694,589,-35
5.017,656,492,-9
5.041,726,508,-15
5.067,829,485,-19
5.091,897,537,-180
5.117,928,607,-370
5.142,915,664,-389
5.166,811,709,-224
5.192,817,752,-70
5.216,871,800,-35
5.242,907,731,-47
5.266,955,537,-97
5.291,980,393,-62
5.317,969,401,13
5.341,937,455,-51
5.366,884,517,-178
5.391,807,595,-159
5.416,777,657,-59
5.442,799,674,-10
5.466,839,633,-45
5.491,874,568,-109
5.516,892,537,-124
5.541,883,543,-71
5.566,878,550,-18
5.591,883,541,-29
5.616,881,531,-78
5.641,867,544,-100
5.666,853,571,-82
5.691,849,589,-60
5.716,857,588,-59
5.741,868,574,-67
5.766,875,561,-75
5.791,874,551,-73
5.815,871,545,-65
5.841,874,545,-59
5.866,877,550,-63
5.891,875,551,-72
5.916,873,546,-74
5.940,875,548,-74
5.966,876,549,-74
5.990,878,550,-73
6.016,877,551,-76
6.041,875,545,-77
6.066,873,543,-74
6.091,874,544,-71
6.116,879,542,-72
6.141,881,545,-76
6.166,879,547,-78
6.191,874,546,-82
6.216,872,544,-84
6.241,874,541,-81
6.266,877,541,-78
6.291,880,546,-78
6.316,877,547,-80
6.341,875,546,-79
6.366,876,549,-74
6.391,878,553,-71
6.416,877,547,-76
6.441,875,541,-86
6.466,875,537,-86
6.490,878,538,-79
6.516,879,542,-79
6.541,880,541,-81
6.566,881,541,-80
6.591,881,539,-79
6.615,877,541,-79
6.641,872,546,-77
6.665,875,543,-78
6.691,882,539,-83
6.716,881,538,-87
6.740,878,538,-81
6.766,875,539,-77
6.790,875,539,-82
6.815,879,538,-85
6.841,881,539,-85
6.865,882,541,-86
6.891,882,542,-85
6.915,881,542,-83
6.940,880,537,-84
6.966,878,537,-85
6.990,876,539,-87
7.016,876,540,-89
7.040,878,539,-88
7.066,881,540,-88
7.091,882,537,-92
7.116,881,532,-98
7.141,883,533,-97
7.165,885,538,-90
7.191,885,539,-89
7.216,879,540,-89
7.241,875,540,-87
7.266,877,539,-87
7.290,878,538,-88
7.316,879,536,-87
7.340,878,535,-88
7.366,875,537,-89
7.391,876,537,-89
7.415,882,538,-89
7.441,885,537,-89
7.465,883,535,-90
7.490,882,535,-92
7.516,882,533,-91
7.540,886,533,-91
7.566,887,532,-94
7.590,879,531,-95
7.615,868,530,-98
7.641,856,521,-110
7.665,820,483,-138
7.691,790,442,-169
7.715,766,397,-169
7.740,749,324,-195
7.765,754,213,-236
7.790,800,91,-340
7.815,888,6,-495
7.840,971,-61,-523
7.865,1048,-77,-514
7.890,1123,-99,-513
7.915,1147,-120,-553
7.940,1159,-94,-583
7.965,1188,-25,-528
7.990,1213,46,-453
8.015,1185,85,-379
8.040,1135,125,-355
8.066,1156,162,-424
8.090,1160,166,-487
8.116,1125,225,-399
8.140,1103,388,-529
8.165,1045,304,-571
8.190,1143,200,-483
8.215,958,344,-750
8.241,769,446,-790
8.265,838,346,-594
8.290,808,302,-750
8.315,815,238,-740
8.340,876,194,-590
8.366,878,150,-513
8.390,750,153,-766
8.415,677,64,-593
8.440,808,42,-540
8.465,970,25,-532
8.490,1031,-24,-625
8.515,938,-73,-634
8.540,971,-103,-672
8.565,927,-73,-607
8.590,873,-2,-554
8.614,865,-40,-556
8.640,883,-34,-567
8.665,867,-56,-561
8.690,868,-62,-562
8.715,887,-55,-571
8.739,878,-49,-552
8.765,879,-51,-548
8.790,894,-49,-558
8.814,902,-49,-556
8.840,911,-41,-546
8.864,914,-51,-549
8.890,912,-54,-547
8.914,911,-42,-536
8.939,903,-43,-536
8.965,901,-47,-539
8.989,904,-43,-539
9.015,902,-40,-535
9.040,902,-44,-544
9.065,899,-44,-543
9.090,903,-43,-544
9.115,904,-46,-550
9.140,897,-45,-545
9.164,899,-42,-543
9.190,900,-43,-545
9.215,894,-46,-543
9.240,900,-44,-550
9.265,906,-43,-559
9.289,902,-37,-556
9.315,895,-50,-549
9.339,891,-46,-548
9.365,890,-45,-547
9.390,892,-48,-551
9.414,898,-43,-556
9.440,899,-44,-554
9.464,897,-47,-552
9.489,898,-44,-553
9.515,898,-42,-553
9.539,896,-47,-551
9.565,897,-44,-553
9.589,899,-41,-553
9.614,893,-44,-548
9.640,899,-42,-557
9.664,904,-40,-562
9.690,899,-40,-555
9.714,894,-42,-553
9.739,892,-41,-555
9.764,892,-39,-553
9.789,891,-37,-552
9.814,888,-37,-551
9.839,891,-38,-555
9.864,891,-38,-554
9.889,896,-37,-557
9.914,902,-35,-562
9.939,896,-34,-555
9.964,891,-33,-548
9.989,893,-34,-553
10.014,893,-37,-556
10.040,893,-38,-559
10.065,894,-34,-548
10.089,894,-34,-547
10.115,891,-39,-555
10.139,897,-38,-555
10.164,902,-32,-548
10.189,896,-36,-551
10.214,893,-41,-555
10.240,904,-33,-546
10.264,904,-32,-548
10.289,896,-41,-553
10.314,901,-39,-548
10.339,903,-32,-544
10.365,898,-36,-545
10.389,896,-41,-543
10.414,899,-38,-540
10.439,899,-37,-533
10.464,898,-43,-532
10.489,907,-42,-533
10.514,917,-38,-534
10.539,918,-42,-533
10.564,915,-45,-530
10.589,918,-44,-530
10.613,916,-43,-529
10.639,908,-45,-528
10.664,906,-44,-530
10.689,910,-43,-536
10.714,912,-45,-543
10.738,907,-45,-546
10.764,901,-43,-550
10.789,895,-43,-550
10.813,883,-39,-545
10.839,883,-41,-548
10.863,883,-45,-551
10.889,882,-46,-548
10.914,904,-42,-559
10.938,922,-40,-568
10.964,907,-40,-555
10.988,890,-40,-543
11.014,883,-43,-535
11.039,887,-45,-540
11.064,906,-48,-555
11.089,912,-48,-555
11.114,908,-45,-549
11.139,902,-47,-549
11.163,905,-46,-550
11.189,897,-36,-547
11.214,890,-39,-548
11.239,886,-42,-549
11.264,892,-41,-550
11.288,891,-42,-551
11.314,898,-44,-556
11.339,905,-42,-557
11.364,903,-40,-554
11.389,897,-43,-551
11.413,894,-43,-553
11.439,893,-41,-551
11.463,892,-42,-551
11.488,896,-43,-555
11.514,898,-42,-558
11.538,896,-42,-557
11.564,894,-42,-555
11.588,893,-41,-556
11.613,893,-42,-557
11.639,892,-42,-558
11.663,891,-42,-558
11.689,892,-42,-559
11.713,894,-42,-559
11.738,892,-41,-559
11.763,892,-41,-559
11.788,892,-41,-559
11.813,891,-40,-559
11.838,893,-41,-561
11.863,893,-41,-561
11.888,892,-41,-559
11.913,890,-41,-558
11.938,893,-42,-562
11.963,894,-41,-561
11.988,891,-41,-559
12.013,889,-42,-558
12.039,891,-42,-560
12.063,894,-41,-561
12.088,893,-41,-561
12.114,892,-41,-558
12.138,893,-40,-558
12.163,894,-41,-560
12.188,893,-42,-560
12.213,892,-42,-558
12.239,894,-41,-559
12.263,891,-41,-557
12.288,893,-42,-560
12.313,894,-41,-559
12.338,892,-41,-559
12.363,892,-41,-559
12.388,892,-42,-560
12.413,894,-41,-559
12.438,892,-41,-558
12.463,891,-42,-558
12.488,893,-41,-560
12.513,893,-40,-559
12.538,892,-41,-559
12.563,891,-42,-561
12.588,895,-40,-559
12.612,891,-40,-559
12.638,891,-41,-560
12.663,894,-41,-561
12.688,893,-41,-560
12.713,891,-41,-559
12.737,891,-42,-561
12.763,893,-41,-560
12.787,892,-41,-561
12.813,890,-42,-560
12.838,893,-42,-562
12.862,892,-40,-562
12.888,889,-42,-562
12.912,890,-42,-563
12.937,889,-41,-561
12.963,891,-41,-563
12.987,890,-42,-563
13.013,889,-42,-561
13.038,892,-41,-562
13.063,892,-42,-564
13.087,891,-42,-563
13.113,890,-41,-561
13.138,890,-42,-562
13.162,891,-41,-561
13.188,892,-42,-563
13.212,890,-42,-562
13.238,892,-42,-562
13.263,891,-41,-560
13.287,891,-42,-561
13.313,891,-43,-561
13.337,893,-42,-562
13.363,892,-42,-562
13.387,890,-43,-561
13.412,892,-42,-561
13.438,892,-42,-561
13.462,890,-43,-561
13.488,892,-43,-563
13.512,892,-42,-561
13.537,891,-42,-561
13.563,891,-43,-562
13.587,890,-42,-561
13.612,892,-42,-562
13.637,890,-43,-563
13.662,891,-43,-562
13.688,892,-42,-562
13.712,891,-42,-563
13.737,890,-43,-562
13.762,891,-43,-562
13.787,891,-42,-562
13.812,888,-44,-563
13.837,889,-44,-562
13.862,894,-42,-562
13.887,891,-42,-564
13.912,889,-43,-562
13.936,892,-42,-562
13.962,890,-42,-561
13.986,890,-44,-563
14.012,891,-43,-563
14.038,893,-42,-563
14.062,890,-44,-563
14.087,889,-44,-562
14.112,893,-42,-563
14.137,890,-43,-563
14.162,887,-44,-562
14.187,892,-43,-565
14.212,891,-42,-563
14.237,889,-44,-565
14.262,889,-44,-564
14.286,889,-42,-564
14.312,890,-43,-565
14.337,887,-44,-565
14.362,889,-43,-565
14.387,890,-42,-566
14.411,888,-43,-566
14.437,889,-43,-566
14.462,889,-43,-566
14.487,888,-43,-565
14.512,887,-44,-567
14.536,889,-43,-567
14.562,889,-43,-567
14.586,887,-44,-567
14.611,887,-43,-567
14.637,890,-43,-568
14.661,887,-43,-566
14.687,886,-43,-565
14.711,890,-43,-568
14.736,889,-43,-567
14.761,889,-44,-567
14.786,887,-43,-565
14.812,888,-43,-566
14.836,888,-44,-567
14.861,888,-44,-567
14.886,889,-43,-567
14.911,888,-43,-566
14.936,888,-43,-567
14.961,889,-43,-567
14.986,887,-43,-566
15.011,887,-44,-567
15.037,888,-43,-567
15.061,889,-43,-567
15.086,888,-44,-567
15.112,888,-44,-567
15.136,889,-43,-567
15.162,888,-43,-566
15.186,887,-43,-566
15.211,889,-43,-568
15.237,888,-43,-567
15.261,888,-43,-567
15.286,888,-43,-567
15.311,889,-43,-567
15.336,887,-43,-565
15.361,889,-43,-566
15.386,889,-43,-566
15.411,887,-44,-566
15.436,889,-43,-567
15.461,889,-43,-567
15.486,889,-44,-566
15.511,888,-44,-565
15.536,889,-44,-566
15.561,889,-43,-566
15.586,888,-44,-566
15.610,889,-44,-566
15.636,889,-43,-566
15.660,888,-44,-565
15.686,889,-44,-566
15.711,889,-43,-566
15.735,889,-43,-566
15.761,888,-44,-567
15.785,889,-43,-566
15.811,889,-43,-566
15.836,888,-44,-567
15.860,889,-43,-567
15.886,888,-43,-566
15.910,888,-43,-567
15.935,888,-43,-567
15.960,888,-43,-567
15.985,888,-44,-568
16.011,888,-44,-567
16.036,888,-43,-567
16.061,887,-43,-567
16.085,888,-44,-567
16.111,888,-43,-567
16.135,888,-43,-566
16.161,888,-44,-567
16.186,890,-43,-567
16.210,889,-44,-567
16.236,888,-44,-566
16.260,889,-44,-566
16.285,888,-44,-566
16.310,887,-44,-566
16.335,888,-44,-566
16.361,889,-43,-566
16.385,889,-44,-567
16.410,888,-44,-567
16.435,888,-43,-567
16.460,888,-44,-568
16.486,888,-44,-567
16.510,888,-43,-568
16.535,887,-44,-568
16.560,888,-44,-569
16.585,888,-43,-569
16.610,887,-43,-568
16.635,888,-43,-569
16.660,887,-43,-568
16.685,887,-43,-569
16.710,886,-44,-569
16.734,887,-43,-568
16.760,888,-43,-569
16.784,886,-44,-568
16.810,888,-43,-569
16.835,886,-43,-568
16.859,887,-43,-569
16.885,888,-44,-569
16.909,888,-43,-568
16.935,889,-44,-569
16.960,886,-44,-568
16.984,887,-43,-568
17.010,889,-44,-569
17.035,886,-44,-568
17.060,888,-44,-569
17.084,888,-43,-568
17.110,887,-44,-568
17.135,888,-44,-568
17.160,888,-43,-568
17.185,889,-43,-568
17.209,887,-44,-567
17.235,887,-44,-567
17.260,889,-43,-568
17.284,888,-44,-568
17.310,888,-44,-568
17.334,888,-43,-567
17.360,887,-43,-567
17.384,888,-44,-568
17.409,888,-44,-568
17.435,889,-43,-569
17.459,887,-44,-568
17.485,888,-44,-567
17.509,888,-43,-568
17.534,887,-43,-567
17.559,889,-44,-568
17.584,889,-43,-568
17.610,889,-44,-568
17.634,888,-44,-567
17.659,888,-44,-567
17.684,889,-44,-567
17.709,888,-44,-567
17.734,889,-44,-568
17.759,888,-44,-567
17.784,888,-44,-567
17.809,889,-43,-568
17.834,888,-43,-568
17.858,888,-43,-568
17.884,888,-44,-568
17.909,889,-43,-568
17.934,888,-43,-567
17.959,887,-44,-568
17.983,888,-43,-568
18.009,889,-43,-568
18.035,888,-43,-568
18.059,887,-44,-567
18.084,888,-43,-568
18.109,889,-43,-567
18.134,888,-43,-567
18.159,887,-44,-568
18.184,888,-43,-567
18.209,889,-43,-568
18.234,887,-43,-566
18.259,889,-44,-568
18.284,889,-43,-567
18.309,889,-43,-567
18.333,888,-44,-566
18.359,888,-44,-566
18.384,890,-43,-567
18.408,888,-44,-567
18.434,888,-44,-567
18.458,889,-43,-567
18.484,888,-43,-566
18.508,889,-44,-567
18.533,889,-43,-567
18.559,889,-43,-567
18.583,888,-44,-567
18.609,888,-43,-567
18.633,889,-43,-568
18.658,889,-43,-568
18.684,888,-43,-567
18.708,888,-43,-568
18.733,889,-43,-568
18.758,888,-43,-568
18.783,888,-43,-568
18.808,888,-43,-568
18.833,889,-43,-568
18.858,888,-44,-568
18.883,887,-43,-567
18.908,889,-43,-568
18.933,887,-43,-567
18.958,888,-43,-567
18.982,888,-43,-567
19.008,889,-43,-567
19.034,889,-44,-568
19.058,888,-44,-567
19.083,888,-44,-567
19.108,888,-44,-567
19.133,888,-44,-568
19.158,888,-44,-568
19.183,888,-43,-567
19.208,888,-44,-567
19.233,888,-43,-567
19.258,888,-43,-568
19.283,888,-44,-568
19.308,888,-43,-568
19.333,888,-43,-568
19.358,888,-43,-567
19.383,888,-44,-569
19.407,888,-43,-569
19.433,888,-43,-568
19.457,888,-43,-569
19.483,887,-43,-568
19.508,887,-43,-568
19.532,888,-44,-569
19.558,888,-43,-569
19.582,887,-43,-568
19.608,887,-44,-568
19.632,889,-43,-569
19.657,887,-43,-568
19.683,887,-44,-569
19.707,888,-44,-569
19.732,889,-43,-569
19.757,888,-44,-569
19.782,888,-44,-569
19.808,887,-43,-568
19.832,887,-44,-569
19.857,887,-44,-569
19.882,889,-43,-569
19.907,887,-43,-568
19.932,887,-44,-569
19.957,887,-44,-570
19.982,887,-43,-569
20.007,888,-44,-570
20.033,887,-44,-569
20.057,886,-43,-569
20.082,887,-43,-571
20.107,887,-43,-570
20.132,887,-43,-570
20.158,888,-44,-570
20.182,887,-44,-570
20.207,887,-43,-570
20.232,886,-44,-570
20.257,886,-44,-571
20.282,887,-43,-571
20.307,887,-43,-571
20.332,886,-44,-570
20.357,887,-43,-570
20.382,887,-43,-569
20.406,886,-44,-570
20.432,887,-44,-570
20.456,889,-43,-570
20.482,889,-44,-570
20.507,886,-44,-569
20.531,887,-44,-569
20.557,888,-44,-570
20.581,887,-44,-570
20.607,887,-44,-570
20.631,887,-44,-569
20.656,887,-44,-570
20.682,888,-44,-570
20.706,888,-43,-570
20.732,887,-44,-569
20.756,887,-44,-570
20.781,888,-43,-570
20.806,888,-44,-569
20.831,887,-44,-569
20.856,888,-44,-569
20.881,888,-44,-570
20.906,888,-44,-570
20.931,887,-44,-570
20.956,887,-44,-569
20.980,887,-44,-569
21.006,886,-44,-571
21.032,887,-44,-570
21.056,888,-44,-570
21.081,886,-44,-570
21.106,887,-44,-570
21.131,888,-44,-570
21.157,888,-44,-570
21.181,888,-44,-570
21.206,887,-44,-569
21.231,887,-44,-569
21.256,888,-44,-570
21.281,888,-44,-570
21.306,888,-44,-570
21.331,887,-44,-568
21.356,888,-44,-569
21.381,887,-44,-570
21.406,887,-44,-570
21.431,887,-44,-569
21.455,887,-44,-569
21.481,888,-44,-569
21.506,887,-44,-569
21.530,888,-44,-570
21.556,887,-44,-569
21.580,887,-44,-570
21.606,888,-44,-570
21.630,887,-44,-570
21.655,887,-44,-569
21.681,887,-44,-570
21.705,887,-44,-570
21.731,887,-44,-571
21.755,887,-44,-570
21.780,888,-43,-569
21.805,886,-43,-569
21.830,888,-44,-571
21.855,887,-43,-570
21.880,887,-44,-570
21.905,887,-44,-571
21.930,886,-44,-570
21.955,887,-44,-570
21.979,886,-44,-571
22.005,886,-44,-571
22.031,888,-43,-571
22.055,886,-43,-570
22.081,887,-44,-572
22.105,887,-43,-571
22.130,887,-42,-571
22.155,886,-44,-572
22.180,884,-44,-569
22.205,887,-43,-571
22.230,886,-44,-570
22.255,887,-44,-571
22.280,889,-43,-570
22.305,889,-43,-569
22.329,886,-44,-567
22.355,887,-44,-567
22.380,890,-44,-568
22.405,889,-44,-565
22.430,889,-45,-561
22.454,890,-46,-559
22.480,880,-53,-548
22.504,896,-45,-554
22.529,897,-49,-549
22.555,891,-53,-537
22.579,901,-53,-535
22.605,907,-59,-530
22.629,917,-61,-525
22.654,921,-62,-512
22.679,920,-66,-499
22.704,920,-68,-481
22.730,932,-71,-475
22.754,940,-76,-462
22.779,929,-76,-430
22.804,931,-66,-392
22.829,946,-60,-366
22.854,966,-60,-360
22.879,956,61,-464
22.904,1038,222,-562
22.929,1149,429,-672
22.954,1182,252,-450
22.978,1140,225,-320
23.004,1052,309,-285
23.029,1048,400,-251
23.054,1063,472,-326
23.080,1054,464,-355
23.104,1012,463,-265
23.129,984,512,-172
23.154,1018,551,-116
23.179,1060,549,-89
23.203,1118,528,-36
23.229,1210,443,35
23.254,1322,327,54
23.279,1348,226,36
23.304,1310,172,21
23.328,1254,162,21
23.354,1204,180,9
23.378,1157,191,-19
23.404,1131,186,-43
23.429,1105,170,-40
23.453,1070,159,-17
23.479,1050,160,16
23.503,1014,164,76
23.528,1014,208,154
23.553,1023,271,206
23.578,1016,327,229
23.604,995,377,239
23.628,984,421,230
23.653,973,445,202
23.678,956,438,177
23.703,947,402,188
23.728,933,351,212
23.753,915,319,205
23.778,903,317,174
23.803,898,336,135
23.828,886,346,117
23.853,873,350,120
23.878,871,370,131
23.902,865,400,141
23.928,853,425,138
23.952,837,431,135
23.977,811,412,145
24.003,795,391,152
24.028,806,386,165
24.053,832,398,200
24.078,872,422,246
24.103,908,428,281
24.127,919,391,283
24.153,930,347,245
24.178,974,346,161
24.203,1020,369,62
24.228,1044,402,14
24.252,1097,420,16
24.278,1107,461,47
24.302,1142,725,-321
24.327,1047,920,-728
24.353,757,601,-131
24.377,748,464,174
24.403,882,570,176
24.427,907,534,157
24.452,929,480,79
24.477,920,452,-10
24.502,892,418,-5
24.528,883,389,52
24.552,891,374,116
24.577,897,345,152
24.602,913,317,112
24.627,953,287,-1
24.651,1001,325,-101
24.677,997,406,-36
24.702,950,441,86
24.727,917,400,118
24.752,925,384,59
24.776,917,365,3
24.802,883,333,-7
24.826,904,360,35
24.852,967,423,69
24.877,993,416,91
24.901,980,358,126
24.927,986,329,155
24.951,985,328,145
24.976,965,323,107
25.001,925,292,96
25.027,886,269,125
25.052,862,293,167
25.077,906,421,206
25.102,995,616,215
25.126,997,698,135
25.152,949,638,62
25.176,963,559,76
25.202,1028,523,121
25.227,1062,453,128
25.251,1037,315,133
25.277,992,189,145
25.301,950,136,137
25.326,912,178,85
25.351,899,282,43
25.376,911,374,57
25.402,934,430,116
25.426,944,446,179
25.451,958,450,232
25.476,977,442,278
25.501,967,393,313
25.526,930,317,325
25.551,896,260,305
25.576,900,255,238
25.601,923,288,141
25.626,963,319,82
25.650,1011,321,98
25.676,1043,302,138
25.700,1058,278,165
25.726,1061,271,165
25.751,1052,293,142
25.775,1027,354,93
25.801,955,548,-89
25.825,841,840,-454
25.851,796,802,-349
25.875,915,556,55
25.900,1000,425,175
25.926,1006,407,100
25.950,987,401,64
25.976,959,377,110
26.000,939,365,182
26.026,927,368,214
26.050,918,373,214
26.076,917,381,199
26.101,919,387,187
26.125,923,391,192
26.151,928,386,217
26.175,929,377,234
26.201,925,375,231
26.225,922,380,222
26.250,917,385,220
26.276,914,392,218
26.300,907,400,212
26.325,904,408,202
26.350,900,416,193
26.375,901,426,181
26.400,898,426,170
26.425,897,425,156
26.450,899,425,144
26.475,908,427,136
26.500,921,422,131
26.525,931,411,119
26.550,944,408,112
26.574,952,399,116
26.600,954,390,116
26.625,957,387,112
26.650,960,385,114
26.675,961,377,123
26.699,960,371,130
26.725,964,367,141
26.749,964,361,152
26.774,962,357,160
26.799,960,354,169
26.824,957,347,175
26.850,954,342,179
26.874,952,342,183
26.899,950,342,187
26.924,950,344,189
26.949,953,349,196
26.974,952,351,204
27.000,945,352,201
27.025,939,359,191
27.049,935,365,189
27.075,934,372,188
27.099,935,376,192
27.124,930,378,182
27.149,934,389,172
27.174,932,388,178
27.200,929,390,172
27.224,931,396,165
27.249,928,398,161
27.274,928,402,161
27.299,925,401,159
27.324,923,401,152
27.349,924,402,149
27.374,927,401,154
27.399,929,399,159
27.424,931,397,160
27.448,932,392,159
27.474,935,387,166
27.499,931,378,171
27.524,934,380,170
27.549,937,379,181
27.573,936,375,188
27.599,936,372,183
27.623,937,364,185
27.649,940,364,187
27.674,940,368,186
27.698,942,369,189
27.724,942,363,189
27.748,944,364,173
27.773,948,369,170
27.798,947,365,179
27.823,945,364,174
27.849,943,367,166
27.873,943,374,167
27.898,944,381,170
27.923,939,379,167
27.948,937,376,161
27.973,937,378,161
27.999,936,381,169
28.024,933,383,170
28.048,933,386,172
28.074,931,383,176
28.098,930,383,176
28.123,927,385,177
28.148,927,384,178
28.173,928,380,180
28.199,931,381,177
28.223,934,380,176
28.248,935,376,178
28.273,934,376,173
28.298,932,376,169
28.324,932,378,168
28.348,934,378,168
28.373,937,379,169
28.398,939,375,172
28.423,939,374,172
28.447,936,374,170
28.473,934,377,169
28.498,932,381,170
28.523,932,384,173
28.548,932,383,176
28.572,933,383,176
28.598,932,383,178
28.622,930,385,176
28.648,930,387,174
28.673,929,388,176
28.697,928,385,176
28.723,931,387,172
28.747,932,385,172
28.772,933,384,170
28.797,938,386,173
28.822,935,379,169
28.848,937,381,165
28.872,938,381,170
28.897,935,377,171
28.922,936,375,166
28.947,939,374,171
28.972,940,375,178
28.998,939,375,178
29.023,940,374,178
29.047,938,371,179
29.073,934,372,177
29.097,933,379,178
29.122,930,381,182
29.147,931,382,177
29.172,932,380,176
29.198,934,379,178
29.222,935,381,180
29.247,932,383,182
29.272,929,384,179
29.297,929,387,177
29.322,931,389,178
29.347,932,384,176
29.372,935,384,175
29.397,939,383,178
29.422,937,380,176
29.447,936,382,170
29.472,936,386,170
29.496,938,383,177
29.522,939,377,174
29.547,939,374,168
29.571,940,374,171
29.597,940,371,176
29.621,939,371,174
29.647,939,373,177
29.671,939,375,177
29.696,938,372,173
29.722,937,371,171
29.746,936,373,175
29.772,934,375,174
29.796,935,377,174
29.821,936,375,177
29.846,936,374,180
29.871,934,377,179
29.896,932,378,179
29.921,931,380,176
29.946,931,376,175
29.971,935,376,180
29.997,937,378,181
30.021,935,377,179
30.046,934,378,177
30.072,929,379,174
30.096,928,379,174
30.122,928,379,176
30.146,931,381,177
30.171,935,379,183
30.196,935,375,188
30.221,932,373,184
30.246,929,379,185
30.271,927,385,188
30.296,925,387,187
30.321,927,384,186
30.346,930,380,186
30.370,932,379,185
30.396,931,380,183
30.421,931,378,181
30.446,933,378,183
30.471,933,375,184
30.495,935,374,183
30.521,936,372,185
30.545,934,371,189
30.570,934,378,189
30.596,932,379,188
30.620,929,375,192
30.646,925,376,190
30.670,926,381,189
30.695,928,377,195
30.721,931,376,199
30.745,930,380,201
30.771,927,385,199
30.795,926,390,190
30.820,925,390,184
30.845,925,392,180
30.870,926,395,167
30.895,931,396,157
30.920,936,397,151
30.945,941,399,144
30.970,942,396,144
30.996,938,391,153
31.020,934,395,163
31.045,932,403,171
31.071,928,397,180
31.095,924,387,186
31.121,923,381,185
31.145,924,384,182
31.170,930,387,185
31.195,929,376,194
31.220,924,370,195
31.245,922,380,188
31.270,927,384,187
31.295,935,378,202
31.320,945,383,218
31.345,951,391,224
31.369,946,380,233
31.395,941,355,249
31.420,939,334,265
31.445,939,324,258
31.470,946,317,238
31.494,954,306,231
31.520,960,289,243
31.544,964,279,252
31.569,962,281,241
31.595,958,293,222
31.619,956,308,211
31.645,957,320,210
31.669,952,324,211
31.694,944,326,201
31.719,946,339,183
31.744,959,360,172
31.770,982,378,164
31.794,1018,393,172
31.819,1056,408,204
31.844,1051,393,216
31.869,992,344,180
31.894,924,312,100
31.919,899,357,47
31.944,916,436,54
31.969,932,457,92
31.995,923,407,145
32.019,921,363,181
32.044,932,377,169
32.069,940,431,116
32.094,942,468,102
32.120,933,463,92
32.144,909,427,47
32.169,902,410,1
32.194,908,390,-13
32.219,901,361,-31
32.244,899,344,-60
32.269,910,339,-57
32.294,917,336,-34
32.319,913,320,-22
32.344,914,308,-34
32.368,920,300,-60
32.394,932,299,-78
32.418,953,301,-69
32.444,975,307,-42
32.469,993,315,-26
32.493,995,312,-44
32.519,1002,308,-75
32.543,1026,309,-62
32.569,1011,320,-35
32.593,1004,324,-40
32.618,976,329,-81
32.644,982,338,-120
32.668,971,338,-129
32.693,994,347,-142
32.718,1029,359,-149
32.743,1076,384,-120
32.768,1145,429,-65
32.793,1162,460,-25
32.818,1138,467,6
32.843,1084,453,30
32.868,1012,417,46
32.893,952,391,60
32.918,912,392,77
32.942,883,392,96
32.968,865,382,111
32.993,871,367,139
33.018,870,342,181
33.043,870,314,213
33.068,867,297,220
33.093,899,301,215
33.118,952,311,228
33.143,981,286,257
33.168,984,235,266
33.193,976,197,244
33.218,975,198,159
33.243,993,232,67
33.268,1022,267,16
33.292,1043,283,32
33.318,1042,277,93
33.343,1039,272,117
33.367,1034,288,69
33.393,1017,306,14
33.417,993,315,1
33.443,982,338,15
33.467,997,382,38
33.492,1018,425,62
33.518,1037,442,97
33.542,1051,439,135
33.568,1052,431,153
33.592,1047,435,150
33.617,1068,471,154
33.642,1101,506,184
33.667,1085,482,217
33.692,964,355,227
33.717,824,223,210
33.742,772,192,141
33.767,781,218,53
33.792,816,244,43
33.816,874,283,95
33.842,923,320,180
33.867,935,318,240
33.892,905,298,198
33.917,868,291,113
33.941,848,299,39
33.967,916,348,17
33.991,826,350,53
34.016,839,386,66
34.041,926,392,29
34.066,959,391,-87
34.091,938,470,-69
34.116,938,415,42
34.141,934,393,66
34.165,937,426,58
34.191,998,503,48
34.216,1060,550,97
34.241,1096,566,192
34.266,1159,591,259
34.290,1222,629,288
34.316,1287,586,225
34.340,1174,336,108
34.366,1015,69,83
34.391,924,1,141
34.415,910,139,198
34.441,951,346,236
34.465,931,489,291
34.490,943,538,323
34.515,938,475,341
34.540,916,330,406
34.566,911,196,426
34.590,881,133,386
34.615,854,154,342
34.640,842,229,321
34.665,834,310,341
34.690,873,329,365
34.715,777,287,352
34.739,732,334,313
34.765,772,401,267
34.790,784,402,230
34.814,874,422,252
34.840,976,451,317
34.864,1114,511,402
34.890,1148,477,465
34.914,1141,386,431
34.939,1110,268,293
34.965,1084,167,125
34.989,1109,130,21
35.016,1102,129,27
35.040,1058,161,124
35.066,1014,199,206
35.090,945,195,199
35.116,803,157,98
35.141,718,177,-36
35.165,708,208,-102
35.191,775,277,-98
35.215,801,266,-33
35.241,777,235,-48
35.265,863,288,-116
35.290,959,279,-149
35.316,897,189,-200
35.340,897,180,-273
35.366,983,247,-320
35.390,1124,317,-302
35.415,1212,317,-232
35.440,1282,312,-169
35.465,1397,375,-152
35.490,1509,449,-166
35.515,1501,383,-235
35.540,1274,167,-163
35.565,1137,86,-59
35.590,1128,192,-50
35.614,1125,332,-80
35.640,1093,374,-22
35.664,1050,345,90
35.690,984,310,158
35.715,887,285,143
35.739,856,286,72
35.765,847,276,11
35.789,869,278,-17
35.814,884,285,-10
35.839,883,305,35
35.864,807,304,52
35.890,793,291,9
35.914,851,312,-45
35.939,923,362,-91
35.964,1000,409,-130
35.989,1087,407,-130
36.014,1135,387,-115
36.040,1156,389,-137
36.065,1184,400,-152
36.089,1297,458,-196
36.115,1258,391,-291
36.139,1033,228,-277
36.164,887,189,-233
36.189,908,274,-297
36.214,912,355,-346
36.239,945,368,-291
36.264,991,325,-174
36.289,989,249,-64
36.314,980,203,-36
36.339,959,208,-92
36.364,932,230,-149
36.389,925,254,-187
36.413,928,265,-177
36.439,948,278,-137
36.464,977,282,-100
36.488,1032,286,-62
36.514,1077,298,-23
36.538,1109,340,22
36.564,1092,354,118
36.588,1042,363,217
36.613,1047,426,282
36.639,1142,499,289
36.663,1140,563,399
36.689,1096,547,550
36.713,1183,597,587
36.738,1266,742,506
36.763,1172,781,393
36.788,1059,641,373
36.813,1040,456,402
36.838,1079,316,395
36.863,1123,240,424
36.888,1170,209,429
36.913,1139,274,326
36.937,1047,394,309
36.963,1079,438,252
36.987,1062,495,197
37.013,1118,502,162
37.039,1067,463,196
37.063,1011,444,185
37.088,1014,463,131
37.113,884,485,90
37.138,919,472,39
37.162,916,451,10
37.188,870,427,-24
37.213,872,394,4
37.238,847,335,-2
37.263,942,266,-55
37.287,1048,176,-93
37.313,1051,88,25
37.337,1005,111,-113
37.363,968,83,-88
37.387,1097,77,-33
37.412,1146,1,-3
37.438,1134,-115,-1
37.462,1080,-150,-35
37.488,1044,-183,-56
37.512,1016,-214,10
37.537,992,-126,164
37.562,951,-84,237
37.587,927,-78,332
37.612,977,-78,386
37.637,931,-77,357
37.662,960,56,405
37.687,954,163,310
37.712,956,156,292
37.736,967,61,308
37.762,1021,-61,232
37.786,967,-139,244
37.812,998,-143,270
37.837,960,-124,241
37.861,974,-99,196
37.887,1103,-130,150
37.911,1219,-79,77
37.936,1135,-83,54
37.961,967,-70,90
37.986,920,-12,129
38.011,895,148,182
38.037,858,275,200
38.062,983,229,205
38.086,1200,-89,169
38.112,1143,-161,191
38.136,966,-109,244
38.162,898,-73,238
38.186,926,-45,235
38.211,993,-20,232
38.237,1090,-61,218
38.261,1065,-77,233
38.286,980,-58,258
38.311,932,-38,239
38.336,866,-19,202
38.361,872,21,171
38.386,992,40,187
38.410,1053,29,215
38.436,1083,32,210
38.461,1005,72,218
38.486,921,64,250
38.511,871,5,272
38.535,874,-29,307
38.561,890,17,361
38.585,943,85,397
38.610,1065,129,468
38.636,945,138,474
38.660,828,95,360
38.686,655,62,437
38.710,471,-197,644
38.735,452,-73,1374
38.760,506,192,1475
38.785,440,485,773
38.810,1204,297,-870
38.835,1586,539,-392
38.860,1798,362,-553
38.885,1913,121,-689
38.910,2040,-32,-570
38.935,2047,-198,-554
38.960,2047,-254,-752
38.984,2047,-324,-820
39.010,2047,-495,-691
39.035,2047,-645,-586
39.060,2047,-670,-414
39.085,1983,-662,-305
39.110,1802,-726,-329
39.135,1638,-818,-353
39.160,1403,-882,-320
39.185,1183,-881,-283
39.209,1089,-934,-219
39.235,1071,-924,-301
39.260,815,-798,-265
39.284,638,-747,-185
39.310,556,-667,-131
39.334,398,-520,-65
39.360,254,-418,-1
39.384,105,-389,2
39.409,-29,-370,-28
39.434,-13,-398,-42
39.459,-54,-173,-19
39.485,-434,-77,31
39.509,-570,-79,167
39.534,-667,-36,93
39.559,-736,-45,80
39.584,-808,-19,98
39.609,-893,-29,108
39.634,-865,-132,21
39.658,-842,-126,12
39.684,-845,-64,49
39.709,-778,-59,-1
39.733,-937,-71,71
39.759,-958,-22,221
39.783,-878,-37,242
39.809,-857,-122,154
39.833,-778,-111,108
39.858,-865,-101,108
39.884,-945,-70,79
39.908,-1016,-10,161
39.934,-1091,42,208
39.958,-1140,109,103
39.983,-1118,257,100
40.008,-1035,331,154
40.034,-996,203,141
40.058,-940,52,134
40.083,-962,26,159
40.109,-1013,142,278
40.133,-1032,242,244
40.159,-1012,295,313
40.183,-1016,289,345
40.208,-1079,209,235
40.233,-1000,157,196
40.258,-1005,93,128
40.284,-981,25,56
40.308,-943,-12,22
40.333,-987,-59,21
40.358,-1134,-128,171
40.383,-1087,-147,141
40.407,-1044,-137,1
40.433,-1052,-123,66
40.458,-1049,-133,162
40.483,-1036,-143,165
40.508,-1026,-124,126
40.532,-1008,-89,136
40.558,-1005,-95,170
40.582,-1028,-95,186
40.608,-1043,-69,204
40.632,-1029,-62,219
40.657,-1027,-26,204
40.683,-1012,39,203
40.707,-972,144,208
40.732,-935,298,202
40.757,-871,399,145
40.782,-820,365,91
40.807,-809,268,186
40.832,-818,143,208
40.857,-771,13,239
40.882,-817,-109,169
40.907,-732,-182,118
40.932,-590,-221,118
40.957,-547,-250,93
40.981,-555,-280,88
41.007,-511,-257,98
41.032,-408,-235,89
41.057,-464,-268,97
41.082,-483,-203,164
41.107,-235,-147,199
41.132,-33,-220,182
41.157,35,-393,140
41.182,337,-442,12
41.206,682,-378,-162
41.232,740,-392,-359
41.256,901,-350,-484
41.282,1225,-255,-478
41.307,1470,-276,-415
41.331,1703,-316,-441
41.357,2001,-535,-168
41.381,2047,-599,231
41.406,2047,-405,116
41.431,2047,-503,-1
41.456,2047,-638,220
41.482,2047,-625,463
41.506,2047,-658,448
41.531,2047,-659,267
41.556,2047,-550,171
41.581,2047,-470,163
41.606,2047,-861,728
41.631,2047,-1179,2047
41.655,1197,-141,1032
41.681,1079,296,-43
41.706,1154,316,-303
41.731,997,154,-304
41.756,749,15,-317
41.780,670,85,-560
41.806,779,265,-824
41.830,868,262,-739
41.855,1200,-161,64
41.880,1207,-24,205
41.905,1161,67,80
41.931,1099,102,-65
41.955,1055,69,-126
41.980,1034,60,-213
42.005,1047,80,-322
42.031,937,106,-410
42.055,897,116,-349
42.081,970,110,-272
42.106,1001,109,-216
42.130,1024,112,-176
42.156,1045,117,-175
42.180,1045,110,-196
42.205,1047,102,-211
42.230,1028,87,-231
42.255,1012,64,-247
42.281,1006,72,-258
42.305,1001,107,-264
42.330,983,135,-261
42.355,964,147,-247
42.380,982,148,-236
42.405,997,144,-233
42.430,1011,148,-231
42.454,1017,153,-229
42.480,1016,146,-225
42.505,1015,135,-220
42.529,1017,125,-216
42.555,1013,119,-218
42.579,1011,122,-224
42.605,1010,122,-223
42.629,1016,121,-216
42.654,1016,122,-218
42.679,1017,124,-220
42.704,1025,127,-222
42.730,1025,123,-229
42.754,1023,123,-228
42.779,1018,127,-229
42.804,1011,131,-225
42.829,1009,134,-221
42.854,1003,133,-226
42.879,1005,136,-234
42.904,1010,126,-245
42.929,1007,123,-247
42.954,1006,126,-240
42.978,1006,128,-234
43.004,1011,128,-233
43.029,1013,123,-236
43.054,1013,122,-236
43.079,1013,125,-234
43.104,1012,126,-234
43.129,1013,124,-235
43.154,1011,122,-237
43.179,1011,119,-235
43.203,1010,119,-231
43.229,1009,118,-230
43.253,1004,116,-238
43.279,1004,117,-244
43.304,1007,119,-248
43.328,1006,118,-253
43.354,1006,107,-259
43.378,1013,96,-254
43.404,1015,100,-237
43.428,1012,107,-232
43.453,1009,107,-239
43.479,1010,100,-242
43.503,1009,92,-240
43.528,1014,90,-243
43.553,1014,91,-246
43.578,1012,91,-245
43.603,1011,96,-241
43.628,1016,97,-234
43.653,1017,91,-228
43.678,1016,84,-231
43.703,1026,85,-233
43.728,1028,89,-215
43.753,1019,90,-225
43.777,1039,84,-211
43.803,1050,92,-207
43.827,1012,100,-210
43.853,997,103,-220
43.878,1005,103,-227
43.902,1011,104,-229
43.928,1019,115,-234
43.952,1009,124,-226
43.977,1011,122,-220
44.002,1017,121,-220
44.028,1018,121,-215
44.053,1010,120,-213
44.078,1008,122,-217
44.103,1012,124,-220
44.127,1019,121,-216
44.153,1024,124,-216
44.177,1012,126,-212
44.203,1012,127,-209
44.228,1011,130,-212
44.252,1011,129,-214
44.278,1016,124,-216
44.302,1017,119,-212
44.327,1013,123,-206
44.352,1012,133,-207
44.377,1011,139,-209
44.403,1010,139,-215
44.427,1012,133,-220
44.452,1014,134,-215
44.477,1013,139,-207
44.502,1008,140,-200
44.527,1009,134,-204
44.552,1014,129,-213
44.576,1011,134,-220
44.602,1086,122,-159
44.627,1230,107,-112
44.651,1072,183,-306
44.677,957,226,-269
44.701,931,243,-255
44.727,923,265,-266
44.751,908,281,-342
44.776,887,284,-406
44.802,876,290,-424
44.826,885,295,-416
44.852,883,294,-405
44.876,888,299,-404
44.901,908,313,-410
44.926,913,321,-417
44.951,918,316,-411
44.976,924,306,-399
45.001,921,305,-404
45.027,912,312,-415
45.051,910,311,-411
45.077,913,306,-410
45.101,915,307,-414
45.126,917,309,-413
45.151,917,308,-407
45.176,914,303,-401
45.202,916,302,-396
45.226,924,304,-402
45.251,934,297,-397
45.276,928,290,-386
45.301,924,288,-384
45.325,943,291,-382
45.351,949,295,-386
45.376,932,294,-385
45.401,925,296,-382
45.426,925,298,-385
45.450,932,299,-385
45.476,936,293,-380
45.500,934,291,-373
45.526,933,299,-374
45.550,933,302,-380
45.575,930,299,-381
45.601,927,298,-378
45.625,931,295,-376
45.650,938,291,-377
45.675,940,287,-371
45.700,946,288,-363
45.725,943,291,-360
45.750,937,297,-364
45.775,931,297,-369
45.800,934,293,-371
45.825,936,288,-371
45.850,935,292,-371
45.875,936,300,-371
45.899,941,294,-363
45.925,942,288,-360
45.949,939,285,-362
45.975,935,285,-366
46.000,932,292,-371
46.025,932,297,-369
46.050,941,296,-364
46.075,941,294,-363
46.100,944,294,-363
46.124,944,288,-359
46.150,938,289,-360
46.175,935,294,-363
46.200,934,299,-366
46.225,935,303,-368
46.249,937,300,-368
46.275,936,296,-362
46.299,931,294,-355
46.325,936,294,-356
46.350,943,295,-365
46.374,941,296,-367
46.400,937,299,-360
46.424,937,298,-356
46.449,939,290,-356
46.474,936,287,-359
46.499,940,301,-362
46.524,933,296,-349
46.549,922,278,-316
46.574,951,286,-321
46.599,960,282,-316
46.624,969,296,-269
46.649,995,315,-232
46.674,970,316,-193
46.698,972,334,-173
46.724,995,349,-156
46.749,985,337,-140
46.773,980,332,-135
46.799,974,331,-147
46.823,978,331,-140
46.849,992,333,-122
46.873,990,329,-117
46.898,982,321,-116
46.924,978,315,-116
46.948,977,320,-130
46.974,976,317,-150
46.999,969,318,-154
47.024,974,320,-152
47.048,973,321,-155
47.074,967,318,-169
47.099,964,317,-183
47.123,969,324,-186
47.149,974,326,-176
47.173,961,330,-164
47.199,953,335,-160
47.223,945,335,-139
47.248,922,377,-104
47.273,900,451,-76
47.298,941,443,-2
47.324,1015,383,104
47.348,1001,316,209
47.373,1004,359,336
47.398,1072,375,472
47.423,944,269,589
47.447,941,188,741
47.473,1061,36,873
47.498,1188,-114,940
47.523,1199,-140,933
47.548,1184,-143,852
47.572,1189,-120,766
47.598,1197,-171,689
47.622,1263,-229,573
47.648,1280,-247,446
47.673,1297,-309,337
47.697,1262,-362,206
47.723,1158,-366,183
47.747,1061,-362,187
47.772,1044,-438,166
47.797,1084,-516,84
47.822,1104,-547,16
47.847,1064,-566,-47
47.872,1040,-609,-88
47.897,1049,-616,-97
47.922,1087,-572,-183
47.947,1111,-605,-266
47.972,1099,-685,-318
47.998,1089,-693,-330
48.022,1116,-711,-362
48.047,1087,-673,-395
48.073,1052,-623,-390
48.097,967,-661,-426
48.122,849,-699,-412
48.147,787,-669,-385
48.172,758,-664,-404
48.197,725,-706,-430
48.222,723,-716,-403
48.246,704,-698,-322
48.272,632,-697,-239
48.297,652,-651,-180
48.322,631,-582,-129
48.347,581,-680,52
48.371,716,-769,190
48.397,648,-784,134
48.421,415,-1101,229
48.447,658,-1380,823
48.472,542,-1557,1334
48.496,-456,-119,-162
48.522,-55,-592,124
48.546,210,-1228,279
48.571,-8,-1187,-75
48.596,-129,-964,-142
48.621,-89,-964,3
48.646,-6,-957,67
48.671,69,-1004,261
48.696,183,-1084,684
48.721,249,-1158,924
48.746,238,-1119,899
48.771,273,-1025,792
48.796,317,-933,697
48.820,362,-852,621
48.846,449,-811,557
48.870,563,-793,460
48.895,596,-766,349
48.921,632,-739,271
48.945,736,-744,181
48.971,792,-748,88
48.996,836,-696,-6
49.021,984,-712,-118
49.045,1108,-749,-230
49.071,1095,-689,-335
49.095,1035,-686,-429
49.121,1115,-771,-445
49.145,1115,-815,-499
49.170,1138,-814,-577
49.196,1148,-807,-628
49.220,1098,-835,-619
49.245,1015,-960,-620
49.270,967,-1123,-685
49.295,965,-1155,-745
49.320,930,-1121,-811
49.345,835,-1136,-913
49.370,717,-1134,-967
49.395,614,-1065,-909
49.420,583,-1021,-852
49.445,539,-1034,-892
49.470,506,-1019,-940
49.494,512,-996,-917
49.520,470,-1016,-924
49.544,473,-981,-992
49.569,488,-897,-1079
49.595,487,-832,-1156
49.619,566,-786,-1185
49.645,620,-742,-1154
49.669,644,-695,-1087
49.694,742,-657,-990
49.719,792,-648,-895
49.744,766,-609,-878
49.769,810,-569,-907
49.794,888,-605,-927
49.819,931,-633,-944
49.844,973,-651,-942
49.869,1038,-703,-893
49.894,1085,-723,-857
49.919,1144,-719,-839
49.943,1048,-665,-782
49.969,994,-643,-721
49.995,973,-681,-621
50.019,960,-647,-478
50.044,953,-599,-401
50.069,936,-738,-193
50.094,961,-773,167
50.119,1003,-860,387
50.144,788,-1039,570
50.168,624,-1070,961
50.194,548,-794,1822
50.219,-174,-397,797
50.244,-301,-241,-496
50.269,23,-1056,-154
50.293,234,-1449,179
50.319,7,-1156,31
50.343,-228,-928,-137
50.368,-239,-929,-103
50.394,-124,-1000,15
50.418,-83,-1032,70
50.444,-105,-1032,58
50.468,-105,-1009,94
50.493,-71,-997,128
50.518,-16,-989,140
50.543,-4,-951,213
50.568,3,-918,298
50.593,139,-877,355
50.618,244,-786,312
50.643,234,-701,276
50.668,217,-638,217
50.692,239,-628,209
50.718,282,-612,194
50.742,270,-565,75
50.768,257,-503,55
50.793,308,-440,-7
50.817,404,-445,-32
50.843,548,-475,-46
50.867,549,-447,-329
50.893,648,-376,-524
50.917,805,-388,-512
50.942,999,-461,-416
50.967,1104,-479,-309
50.992,1172,-424,-211
51.018,1260,-388,-94
51.042,1361,-407,-101
51.068,1468,-354,-236
51.092,1648,-194,-319
51.118,1871,-131,-294
51.142,1981,-305,-284
51.167,2013,-494,-309
51.193,1973,-545,-338
51.217,1889,-526,-338
51.243,1809,-491,-203
51.267,1885,-1166,1121
51.292,1620,-1032,2047
51.317,1144,-51,1151
51.342,1112,187,141
51.366,1193,40,-550
51.392,810,35,-411
51.417,786,102,-476
51.442,850,214,-628
51.467,893,274,-691
51.491,935,272,-541
51.517,1129,16,113
51.541,1178,-121,318
51.567,1138,6,260
51.592,1095,70,111
51.616,1040,105,-139
51.642,991,173,-302
51.666,1009,177,-299
51.691,962,119,-329
51.716,964,40,-353
51.741,1031,-78,-268
51.767,1069,-59,-110
51.791,1065,27,-69
51.816,1067,39,-93
51.841,1051,48,-125
51.866,1035,54,-169
51.891,1020,46,-211
51.916,1009,42,-210
51.940,1015,43,-189
51.966,1048,53,-175
51.991,1023,71,-153
52.016,1013,92,-123
52.041,1021,111,-121
52.066,1027,110,-102
52.091,1024,115,-109
52.116,1029,125,-127
52.141,1028,138,-130
52.166,1015,132,-106
52.191,1031,133,-98
52.216,1038,143,-83
52.241,1032,159,-92
52.266,1036,176,-103
52.290,1042,207,-115
52.316,1016,219,-93
52.340,1029,250,-109
52.366,1000,278,-89
52.391,1004,301,-85
52.415,969,343,-85
52.441,907,372,-79
52.465,898,379,-71
52.490,904,384,-75
52.515,940,420,-24
52.540,955,431,-12
52.566,945,425,-31
52.590,934,426,-36
52.615,950,450,-29
52.640,939,471,-35
52.665,886,473,-29
52.690,813,472,-20
52.715,738,443,3
52.739,844,364,148
52.765,1221,281,254
52.790,1152,190,-37
52.814,1135,175,99
52.840,1217,111,248
52.864,1225,64,285
52.890,1212,-6,460
52.914,1276,-38,541
52.939,1280,49,422
52.965,1290,19,145
52.989,1375,-164,30
53.015,1514,-314,37
53.040,1589,-312,-72
53.065,1563,-276,-95
53.089,1521,-335,-62
53.115,1579,-473,-112
53.139,1717,-531,-177
53.164,1832,-556,-239
53.190,1943,-669,-303
53.214,2047,-671,-399
53.240,2047,-638,-487
53.264,2047,-629,-572
53.289,2047,-566,-620
53.314,2044,-424,-640
53.339,1892,-246,-714
53.365,1764,-85,-718
53.389,1628,29,-653
53.414,1418,93,-539
53.439,1114,32,-388
53.464,789,-115,-230
53.488,653,-258,-134
53.514,509,-386,-107
53.538,350,-396,-90
53.564,277,-366,-50
53.589,180,-366,-61
53.613,77,-278,-117
53.639,-24,-155,-66
53.663,-111,-60,32
53.689,-220,33,72
53.713,-277,122,140
53.738,-297,173,299
53.764,-346,205,401
53.788,-381,282,457
53.813,-355,360,509
53.838,-330,399,489
53.863,-361,429,395
53.888,-376,451,411
53.913,-377,459,572
53.937,-417,599,782
53.963,-493,841,1018
53.988,-601,1060,1236
54.013,-682,1238,1408
54.039,-618,1245,1522
54.063,-488,1120,1541
54.088,-422,969,1505
54.113,-377,830,1404
54.138,-382,753,1215
54.162,-448,736,1068
54.188,-497,734,1022
54.213,-468,676,960
54.238,-470,592,861
54.263,-510,569,786
54.287,-462,526,750
54.313,-423,451,633
54.337,-472,448,485
54.363,-462,412,422
54.388,-454,332,335
54.412,-538,305,291
54.438,-521,200,284
54.462,-451,10,219
54.488,-428,-95,129
54.512,-407,-142,138
54.537,-347,-209,196
54.562,-365,-277,238
54.587,-355,-304,260
54.612,-273,-326,243
54.637,-164,-390,217
54.662,-83,-463,197
54.687,52,-491,114
54.712,172,-540,-43
54.736,144,-609,-133
54.762,272,-581,-101
54.787,512,-646,-71
54.812,611,-829,-131
54.837,663,-849,-203
54.861,840,-768,-353
54.887,901,-807,-476
54.911,878,-859,-397
54.936,1015,-796,-330
54.961,1118,-813,-401
54.986,1166,-868,-400
55.012,1246,-849,-326
55.037,1316,-903,-312
55.062,1372,-953,-362
55.086,1413,-944,-393
55.112,1442,-974,-447
55.136,1418,-1025,-487
55.162,1419,-1043,-451
55.186,1437,-1051,-427
55.211,1365,-1071,-309
55.237,1292,-1028,-170
55.261,1343,-1024,-169
55.286,1456,-1166,-233
55.311,1501,-1304,-289
55.336,1497,-1266,-343
55.361,1514,-1197,-399
55.386,1601,-1225,-459
55.411,1668,-1320,-499
55.436,1720,-1375,-461
55.461,1784,-1302,-470
55.486,1793,-1148,-545
55.511,1780,-1044,-630
55.535,1788,-989,-664
55.561,1775,-935,-636
55.585,1702,-863,-573
55.610,1615,-814,-514
55.636,1514,-782,-472
55.660,1363,-688,-436
55.686,1213,-584,-356
55.710,1069,-585,-314
55.735,950,-556,-291
55.760,858,-493,-239
55.785,794,-447,-221
55.810,772,-379,-201
55.835,696,-294,-119
55.860,612,-202,39
55.885,423,-96,183
55.910,159,117,248
55.935,-26,323,261
55.960,-189,438,287
55.984,-352,551,302
56.010,-412,636,336
56.036,-362,632,422
56.060,-308,631,515
56.085,-262,644,637
56.110,-263,639,713
56.135,-360,716,772
56.160,-406,775,860
56.185,-475,819,964
56.209,-532,905,1089
56.235,-509,936,1217
56.260,-485,950,1318
56.284,-446,984,1369
56.310,-413,994,1352
56.334,-394,956,1371
56.360,-386,872,1347
56.384,-403,794,1208
56.409,-446,747,1072
56.435,-455,705,968
56.459,-444,643,854
56.485,-462,570,783
56.509,-431,510,764
56.534,-403,443,710
56.559,-436,351,635
56.584,-405,275,583
56.609,-349,207,482
56.634,-396,159,419
56.659,-390,113,443
56.684,-243,31,365
56.709,-197,-84,214
56.733,-271,-187,151
56.759,-185,-212,123
56.783,-25,-333,23
56.809,14,-476,-20
56.833,37,-523,-36
56.858,142,-521,-37
56.884,204,-596,-67
56.908,299,-621,-108
56.934,485,-580,-144
56.958,625,-600,-278
56.983,719,-647,-343
57.008,807,-649,-407
57.034,898,-633,-462
57.059,921,-651,-506
57.083,1022,-674,-572
57.109,1126,-683,-619
57.133,1171,-685,-585
57.159,1100,-600,-516
57.183,1083,-522,-444
57.208,1250,-581,-460
57.233,1306,-546,-393
57.258,1358,-578,-289
57.284,1480,-682,-294
57.308,1530,-655,-328
57.333,1441,-594,-343
57.358,1370,-634,-276
57.383,1431,-650,-176
57.407,1536,-631,-170
57.433,1494,-595,-76
57.457,1330,-622,153
57.483,1358,-675,319
57.508,1501,-687,282
57.532,1576,-876,246
57.558,1602,-885,216
57.582,1621,-820,177
57.608,1681,-791,167
57.632,1789,-776,201
57.657,1751,-889,404
57.682,2047,-720,409
57.707,1929,-561,416
57.732,1801,-419,410
57.757,1846,-342,553
57.782,1830,-271,422
57.807,1800,-193,373
57.832,1656,-206,402
57.856,1520,-277,456
57.882,1562,-403,529
57.906,1684,-474,487
57.932,1538,-425,413
57.957,1350,-399,351
57.981,1187,-492,353
58.007,1052,-490,386
58.032,907,-485,386
58.057,749,-428,338
58.081,651,-369,271
58.107,479,-347,288
58.131,346,-282,291
58.157,209,-125,256
58.182,13,17,177
58.206,-101,137,161
58.232,-165,241,114
58.256,-264,341,109
58.282,-368,429,157
58.306,-423,539,208
58.331,-516,691,252
58.356,-608,784,274
58.381,-742,874,299
58.406,-891,1023,289
58.431,-975,1114,295
58.456,-1057,1130,354
58.481,-1150,1174,448
58.506,-1191,1176,594
58.530,-1158,1121,697
58.556,-1104,1054,725
58.581,-1044,981,707
58.606,-997,904,645
58.631,-980,848,550
58.655,-937,798,479
58.681,-889,714,429
58.705,-886,627,372
58.731,-834,547,314
58.755,-761,424,265
58.780,-748,312,233
58.806,-752,241,225
58.830,-710,145,229
58.855,-676,31,228
58.880,-690,-45,212
58.905,-647,-100,200
58.930,-515,-205,199
58.955,-432,-351,122
58.980,-377,-390,13
59.005,-262,-403,-25
59.031,-191,-539,-22
59.055,-212,-577,-67
59.081,-107,-511,-94
59.105,-13,-594,-70
59.130,9,-654,-58
59.155,143,-649,-74
59.180,336,-735,-77
59.205,387,-826,-105
59.230,479,-812,-129
59.255,716,-881,-162
59.280,810,-1003,-237
59.305,759,-962,-245
59.329,815,-856,-203
59.355,853,-803,-239
59.379,790,-770,-232
59.405,914,-747,-139
59.430,1068,-741,-109
59.454,1043,-739,-59
59.480,1106,-745,51
59.504,1277,-779,67
59.529,1394,-830,34
59.554,1383,-884,43
59.579,1381,-888,69
59.605,1402,-892,62
59.629,1421,-961,69
59.654,1416,-950,68
59.679,1312,-782,89
59.704,1218,-736,166
59.729,1258,-870,180
59.754,1327,-870,161
59.778,1269,-796,210
59.804,1223,-851,257
59.829,1251,-891,263
59.854,1287,-869,239
59.879,1332,-899,197
59.903,1384,-938,181
59.929,1396,-908,184
59.953,1406,-896,177
59.978,1485,-968,151
60.004,1548,-981,140
60.029,1557,-914,140
60.054,1617,-943,118
60.079,1666,-978,112
60.104,1640,-918,125
60.128,1643,-901,134
60.154,1666,-921,117
60.178,1608,-827,120
60.203,1523,-752,141
60.229,1490,-789,126
60.253,1402,-773,118
60.279,1243,-658,143
60.303,1121,-637,149
60.328,988,-611,124
60.353,821,-518,115
60.378,689,-434,135
60.403,568,-403,153
60.428,384,-337,175
60.453,228,-190,192
60.478,105,-69,211
60.503,-58,43,187
60.528,-172,183,155
60.553,-208,272,133
60.577,-212,328,105
60.603,-230,412,149
60.627,-313,525,211
60.652,-381,637,264
60.678,-462,723,297
60.702,-704,941,326
60.728,-914,1181,409
60.752,-985,1197,492
60.777,-1053,1203,549
60.802,-1087,1212,652
60.827,-1043,1118,771
60.852,-1059,1075,864
60.877,-1070,1057,923
60.902,-1003,993,872
60.927,-953,938,727
60.952,-910,881,615
60.976,-875,805,557
61.002,-875,740,506
61.027,-856,667,461
61.052,-785,567,416
61.077,-813,483,341
61.102,-832,431,325
61.127,-763,322,333
61.152,-765,216,282
61.177,-788,167,262
61.202,-720,64,280
61.227,-677,-50,271
61.251,-698,-69,191
61.277,-629,-79,137
61.301,-457,-197,110
61.326,-349,-341,38
61.352,-353,-362,-69
61.376,-315,-305,-108
61.402,-181,-360,-45
61.426,-140,-488,-30
61.451,-99,-489,-62
61.476,47,-478,-60
61.501,172,-582,-50
61.526,250,-693,-39
61.551,411,-682,-6
61.576,611,-706,-1
61.601,683,-786,-71
61.626,777,-770,-77
61.650,955,-722,-85
61.676,1048,-716,-160
61.700,1049,-673,-157
61.726,1085,-622,-119
61.750,1147,-595,-110
61.775,1182,-569,-81
61.801,1249,-596,1
61.825,1344,-625,54
61.851,1357,-622,62
61.875,1309,-641,137
61.900,1319,-686,262
61.925,1376,-755,308
61.950,1416,-791,291
61.975,1417,-808,284
62.000,1397,-827,298
62.026,1398,-880,335
62.050,1452,-1044,343
62.076,1527,-1199,301
62.100,1535,-1163,255
62.125,1529,-1109,226
62.150,1551,-1124,217
62.175,1560,-1089,227
62.200,1559,-1007,218
62.225,1582,-969,195
62.249,1630,-974,190
62.275,1672,-980,205
62.300,1729,-968,200
62.325,1788,-932,175
62.350,1783,-834,157
62.374,1820,-779,177
62.400,1870,-794,166
62.424,1804,-711,157
62.449,1723,-636,231
62.474,1676,-706,287
62.499,1541,-684,282
62.525,1330,-548,274
62.549,1180,-488,243
62.574,1038,-510,162
62.599,806,-452,81
62.624,626,-415,55
62.649,555,-480,75
62.674,469,-553,77
62.698,365,-523,122
62.724,309,-411,170
62.749,192,-266,165
62.773,62,-110,120
62.799,-32,16,76
62.823,-95,106,93
62.849,-173,180,176
62.873,-271,243,242
62.898,-338,321,299
62.923,-447,419,433
62.948,-551,500,551
62.974,-657,613,549
62.999,-810,751,563
63.024,-924,802,616
63.048,-995,851,628
63.074,-1104,981,675
63.098,-1148,969,779
63.123,-1164,905,890
63.148,-1200,945,972
63.173,-1156,902,1034
63.199,-1081,773,1046
63.223,-1062,729,1011
63.248,-1041,719,951
63.273,-953,657,856
63.298,-891,614,754
63.323,-881,648,669
63.348,-835,625,604
63.372,-727,511,560
63.398,-666,414,477
63.423,-697,390,365
63.447,-651,315,327
63.473,-551,182,312
63.497,-534,97,239
63.523,-541,39,198
63.547,-448,-53,209
63.572,-341,-173,203
63.597,-313,-291,147
63.622,-277,-346,104
63.648,-197,-386,124
63.672,-176,-467,118
63.697,-139,-499,145
63.722,-12,-550,248
63.747,53,-695,312
63.772,136,-727,291
63.797,371,-724,259
63.821,591,-775,207
63.847,750,-810,108
63.871,911,-807,56
63.896,1095,-827,22
63.922,1227,-898,-82
63.946,1293,-948,-162
63.972,1405,-1028,-206
63.997,1419,-1128,-265
64.022,1340,-1183,-249
64.046,1352,-1248,-197
64.072,1384,-1355,-205
64.097,1315,-1376,-188
64.122,1226,-1344,-103
64.147,1206,-1348,-61
64.171,1130,-1230,-39
64.197,986,-1038,-18
64.221,853,-850,22
64.246,718,-653,52
64.271,586,-470,93
64.296,476,-345,129
64.322,431,-294,153
64.346,476,-267,149
64.371,530,-239,132
64.396,566,-198,134
64.421,597,-186,159
64.446,647,-127,260
64.471,694,-4,343
64.495,751,23,366
64.521,854,-41,470
64.546,919,-10,610
64.570,966,68,688
64.596,1139,49,784
64.620,1279,-14,963
64.646,1205,-10,989
64.670,1244,84,901
64.695,1454,186,836
64.721,1563,229,786
64.745,1493,309,756
64.771,1425,400,793
64.795,1334,408,877
64.820,349,-158,1427
64.845,729,132,2047
64.870,567,623,1146
64.894,865,790,536
64.920,962,605,170
64.945,1055,265,7
64.970,975,164,6
64.996,864,206,-148
65.020,956,259,-297
65.045,1048,370,-323
65.070,1005,288,-523
65.095,1016,142,-519
65.120,1006,84,-155
65.145,1128,34,710
65.170,1122,274,347
65.195,1014,261,-1
65.220,1022,250,-129
65.244,1037,211,-147
65.270,1024,186,-124
65.294,989,188,-98
65.320,1007,191,-161
65.344,974,197,-267
65.369,991,205,-258
65.395,1004,215,-172
65.419,1003,230,-80
65.445,1016,228,-25
65.469,1030,221,-42
65.494,1032,206,-80
65.519,1025,188,-107
65.544,1010,176,-117
65.569,994,173,-123
65.594,986,196,-121
65.619,985,208,-107
65.644,995,195,-99
65.669,1009,201,-109
65.693,1026,212,-117
65.719,1029,203,-82
65.743,1019,208,-39
65.769,1020,257,-42
65.793,1049,304,-29
65.818,1058,292,33
65.844,1039,295,115
65.868,1009,349,210
65.894,984,387,252
65.918,1003,377,220
65.943,1024,384,172
65.968,1028,415,172
65.993,1030,397,235
66.018,1031,386,304
66.043,1072,390,343
66.069,1135,325,435
66.093,1148,286,524
66.119,1164,282,565
66.143,1192,224,610
66.168,1191,175,610
66.193,1215,153,576
66.218,1262,95,565
66.243,1242,31,538
66.268,1195,5,509
66.293,1228,-37,501
66.318,1221,-137,494
66.343,1161,-238,437
66.367,1162,-290,373
66.393,1125,-338,313
66.417,1026,-387,203
66.443,988,-399,91
66.467,980,-442,-4
66.492,979,-554,-153
66.518,967,-609,-308
66.542,928,-534,-410
66.568,955,-520,-560
66.592,1028,-664,-733
66.617,1103,-787,-788
66.642,1181,-799,-688
66.667,1226,-803,-576
66.692,1234,-770,-495
66.717,1252,-715,-434
66.742,1269,-722,-409
66.767,1272,-721,-384
66.792,1248,-639,-335
66.816,1224,-572,-283
66.842,1223,-537,-215
66.866,1138,-461,-111
66.892,924,-422,7
66.917,842,-520,-18
66.941,787,-597,-16
66.967,666,-587,22
66.991,493,-607,43
67.017,552,-675,41
67.041,646,-764,118
67.067,631,-885,290
67.091,593,-890,346
67.117,555,-965,384
67.142,526,-1105,510
67.166,500,-929,847
67.192,54,-1066,1142
67.216,-669,-598,-51
67.242,37,-431,-79
67.266,207,-1322,83
67.291,82,-1396,-70
67.316,-29,-1150,-3
67.341,-103,-967,120
67.366,-80,-941,341
67.391,-40,-936,738
67.416,227,-1010,874
67.441,384,-1138,918
67.466,372,-1142,749
67.490,318,-1053,630
67.516,312,-948,571
67.541,338,-881,504
67.566,403,-890,433
67.591,484,-913,379
67.615,500,-902,331
67.641,573,-891,245
67.665,658,-885,132
67.691,649,-882,11
67.715,701,-829,-34
67.740,812,-791,-87
67.766,846,-796,-189
67.790,846,-752,-239
67.815,913,-739,-259
67.840,1001,-734,-314
67.865,1007,-629,-421
67.890,1025,-644,-535
67.915,973,-695,-463
67.939,950,-674,-428
67.965,993,-717,-534
67.990,1026,-763,-678
68.015,998,-769,-735
68.040,917,-752,-770
68.065,902,-780,-818
68.090,917,-859,-874
68.115,904,-932,-886
68.140,909,-998,-977
68.164,804,-963,-822
68.190,690,-880,-759
68.215,650,-841,-802
68.240,673,-889,-904
68.265,731,-966,-995
68.289,714,-1018,-1020
68.315,849,-1024,-1047
68.339,799,-1046,-986
68.365,805,-1035,-825
68.389,818,-1022,-761
68.414,853,-992,-761
68.439,881,-912,-756
68.464,911,-851,-770
68.489,960,-835,-757
68.514,1009,-806,-697
68.539,1013,-761,-597
68.564,1050,-728,-608
68.589,1078,-706,-623
68.613,1080,-677,-559
68.639,1111,-670,-493
68.663,1114,-709,-424
68.689,1070,-733,-363
68.714,1054,-708,-352
68.738,1041,-732,-297
68.764,933,-774,-161
68.788,898,-745,-12
68.813,817,-799,81
68.838,723,-806,199
68.863,670,-769,354
68.888,576,-849,436
68.913,489,-1003,508
68.938,446,-1117,662
68.963,389,-1145,632
68.988,270,-1223,552
69.013,145,-1626,865
69.039,-227,-1162,404
69.063,-215,-366,-163
69.088,69,-616,-529
69.113,78,-997,-352
69.138,84,-1349,120
69.163,58,-1363,330
69.188,-12,-1218,256
69.213,-27,-1349,453
69.238,-7,-1311,668
69.263,85,-1255,634
69.287,174,-1210,484
69.313,216,-1164,341
69.338,324,-1097,275
69.363,389,-1055,186
69.388,395,-998,99
69.412,422,-926,78
69.438,465,-879,72
69.462,470,-854,23
69.488,511,-836,-51
69.512,579,-828,-110
69.537,609,-823,-193
69.563,603,-784,-282
69.587,679,-720,-302
69.612,768,-726,-362
69.637,782,-810,-507
69.662,773,-820,-632
69.687,775,-723,-653
69.712,738,-675,-631
69.736,730,-702,-643
69.762,727,-737,-640
69.787,736,-768,-637
69.812,724,-774,-640
69.837,691,-770,-657
69.861,689,-783,-648
69.887,682,-803,-670
69.911,701,-842,-678
69.936,699,-934,-706
69.961,692,-981,-706
69.986,687,-994,-703
70.012,668,-1011,-758
70.037,653,-981,-839
70.062,649,-899,-924
70.086,631,-821,-1034
70.112,619,-742,-1147
70.136,613,-623,-1240
70.162,622,-481,-1238
70.186,582,-408,-1183
70.211,549,-419,-1125
70.237,608,-467,-1020
70.261,629,-513,-938
70.286,618,-537,-923
70.311,638,-545,-888
70.336,682,-543,-868
70.361,781,-507,-868
70.386,858,-475,-860
70.410,885,-468,-872
70.436,921,-479,-873
70.461,1003,-497,-868
70.486,1055,-538,-851
70.511,1062,-564,-737
70.535,1083,-604,-678
70.561,1097,-651,-636
70.585,1123,-687,-608
70.610,1093,-678,-540
70.635,1037,-667,-383
70.660,988,-757,-259
70.686,906,-824,-166
70.710,883,-845,-16
70.735,755,-973,135
70.760,613,-946,283
70.785,548,-911,361
70.810,460,-1087,343
70.835,420,-1267,425
70.859,273,-1522,577
70.885,-226,-1402,504
70.910,-129,-648,-175
70.935,119,-523,-691
70.960,55,-1121,-314
70.984,67,-1352,-154
71.010,-5,-1068,70
71.035,-126,-839,156
71.060,-72,-1014,202
71.084,-43,-1149,517
71.110,26,-1260,633
71.135,98,-1225,501
71.160,113,-1136,409
71.185,158,-1071,380
71.209,177,-1053,353
71.235,199,-1038,326
71.259,271,-1005,314
71.284,311,-978,277
71.309,312,-961,228
71.334,358,-915,210
71.359,451,-913,188
71.384,484,-926,71
71.409,529,-880,0
71.434,602,-820,-11
71.459,651,-798,-66
71.484,731,-803,-187
71.509,791,-838,-274
71.533,789,-868,-325
71.559,783,-841,-342
71.583,843,-805,-401
71.609,860,-792,-496
71.634,828,-760,-547
71.658,803,-708,-556
71.684,818,-666,-566
71.708,801,-664,-646
71.733,753,-697,-757
71.758,763,-741,-768
71.783,778,-810,-809
71.808,790,-869,-862
71.833,818,-870,-913
71.858,844,-813,-1032
71.883,866,-723,-1155
71.908,831,-632,-1256
71.933,837,-601,-1339
71.958,859,-638,-1364
71.982,865,-707,-1308
72.008,858,-739,-1182
72.033,855,-682,-1024
72.058,821,-581,-914
72.083,809,-527,-820
72.108,813,-544,-742
72.133,810,-578,-724
72.158,831,-580,-749
72.183,878,-585,-714
72.207,925,-649,-665
72.233,919,-677,-627
72.257,913,-667,-608
72.283,926,-655,-603
72.308,971,-629,-585
72.332,967,-619,-501
72.358,921,-707,-457
72.382,944,-773,-403
72.407,950,-788,-348
72.432,875,-837,-350
72.457,829,-868,-238
72.482,824,-909,-78
72.507,758,-992,-15
72.532,707,-995,77
72.557,619,-1012,140
72.582,569,-1079,141
72.607,583,-1111,320
72.632,489,-1245,426
72.656,150,-1278,210
72.682,-325,-887,567
72.706,-17,-292,-396
72.732,80,-655,-646
72.757,134,-1137,-35
72.781,22,-1279,464
72.807,-66,-1255,650
72.831,-115,-1037,424
72.856,-119,-887,298
72.881,-98,-907,335
72.906,-16,-980,398
72.932,61,-1064,343
72.956,143,-1107,283
72.981,265,-1117,196
73.006,305,-1095,96
73.032,328,-1029,47
73.056,417,-978,10
73.081,439,-953,-57
73.106,405,-927,-53
73.131,511,-914,-37
73.157,581,-916,-129
73.181,582,-909,-222
73.206,637,-881,-256
73.231,710,-877,-266
73.256,699,-893,-315
73.281,719,-836,-367
73.306,802,-785,-436
73.330,824,-793,-513
73.356,740,-795,-540
73.381,715,-762,-508
73.406,772,-769,-543
73.431,773,-796,-587
73.455,748,-793,-535
73.481,747,-804,-521
73.505,765,-865,-537
73.530,754,-936,-519
73.555,715,-981,-489
73.580,687,-1004,-472
73.606,662,-993,-466
73.630,625,-956,-516
73.655,635,-906,-647
73.680,662,-862,-877
73.705,659,-774,-1108
73.730,690,-666,-1336
73.755,768,-607,-1553
73.779,806,-581,-1599
73.805,818,-596,-1487
73.830,844,-648,-1313
73.854,865,-650,-1127
73.880,872,-592,-946
73.904,859,-534,-840
73.930,875,-531,-807
73.954,937,-594,-780
73.979,994,-652,-727
74.004,1013,-664,-690
74.030,1083,-669,-721
74.055,1172,-718,-730
74.080,1194,-772,-673
74.105,1234,-797,-572
74.129,1242,-843,-473
74.155,1180,-867,-394
74.179,1155,-816,-286
74.204,1118,-810,-178
74.229,1013,-832,-39
74.254,943,-780,84
74.280,869,-749,199
74.304,699,-847,318
74.329,619,-908,389
74.354,594,-915,428
74.379,450,-1083,394
74.404,385,-1210,419
74.429,417,-1169,511
74.453,46,-1354,908
74.479,-431,-1124,936
74.504,-22,-371,-169
74.528,2,-664,-210
74.554,47,-1078,397
74.578,-134,-1311,940
74.604,-118,-1233,810
74.628,-67,-959,514
74.653,8,-860,367
74.678,60,-939,364
74.703,112,-1042,367
74.729,191,-1103,327
74.753,262,-1101,267
74.778,335,-1073,157
74.803,392,-1033,70
74.828,438,-1013,47
74.853,489,-1009,-13
74.878,513,-986,-132
74.902,555,-969,-193
74.928,595,-978,-273
74.952,597,-976,-349
74.977,637,-996,-384
75.003,649,-991,-410
75.028,582,-925,-459
75.053,608,-872,-495
75.078,610,-908,-533
75.103,565,-977,-479
75.127,543,-950,-408
75.153,558,-873,-435
75.177,551,-844,-467
75.203,550,-853,-430
75.228,540,-858,-370
75.252,538,-869,-373
75.278,566,-907,-428
75.302,588,-952,-447
75.327,604,-992,-454
75.352,583,-1006,-486
75.377,575,-983,-546
75.402,588,-938,-597
75.427,551,-899,-650
75.452,535,-871,-711
75.477,579,-850,-809
75.502,582,-821,-940
75.527,558,-760,-1036
75.552,570,-717,-1136
75.576,589,-685,-1215
75.602,624,-641,-1235
75.626,649,-610,-1202
75.651,645,-630,-1133
75.677,644,-679,-1038
75.701,676,-707,-969
75.727,709,-712,-933
75.751,734,-691,-901
75.776,759,-669,-860
75.801,775,-681,-815
75.826,806,-684,-760
75.851,856,-689,-717
75.876,874,-723,-672
75.900,896,-762,-618
75.926,902,-756,-561
75.951,899,-707,-512
75.976,899,-683,-463
76.001,883,-721,-413
76.026,873,-793,-352
76.051,859,-847,-287
76.076,811,-873,-243
76.101,808,-900,-208
76.125,785,-935,-128
76.151,727,-987,-40
76.176,702,-1023,1
76.201,678,-1042,56
76.226,603,-1099,159
76.250,564,-1106,196
76.276,538,-1110,200
76.300,511,-1206,268
76.325,488,-1250,350
76.350,364,-1406,779
76.375,-260,-1290,454
76.401,-181,-1098,539
76.425,86,-629,-528
76.450,110,-775,-438
76.475,24,-995,-264
76.500,28,-1128,-120
76.525,5,-913,-157
76.550,-5,-770,-197
76.574,20,-784,-202
76.600,31,-758,-109
76.624,34,-711,0
76.650,79,-622,63
76.675,146,-514,0
76.699,225,-369,-102
76.725,262,-271,-202
76.749,303,-172,-166
76.774,496,-80,-64
76.799,610,-120,43
76.824,682,-194,39
76.849,881,-285,111
76.874,899,-404,207
76.898,1065,-435,140
76.924,1317,-391,80
76.949,1693,-492,89
76.974,2047,-747,152
77.000,2047,-823,-87
77.024,2047,-541,-565
77.049,2047,-328,-672
77.074,2047,-263,-417
77.099,1944,-272,-148
77.123,2047,-807,1004
77.149,2047,-1089,1668
77.173,1258,-79,1078
77.199,1043,211,379
77.224,1064,189,-275
77.248,1081,86,-278
77.274,980,132,151
77.298,962,253,179
77.324,950,256,-46
77.348,934,309,-247
77.373,916,324,-280
77.398,918,277,-165
77.423,941,255,-57
77.447,965,271,20
77.473,970,278,113
77.498,1021,258,119
77.523,1040,328,136
77.548,1059,453,189
77.572,1069,453,170
77.598,1005,391,191
77.622,886,373,369
77.648,751,343,709
77.672,901,312,554
77.697,939,270,397
77.723,941,247,271
77.747,862,228,271
77.772,1070,178,310
77.797,1126,113,222
77.822,1035,144,176
77.847,975,167,162
77.872,985,181,180
77.896,1002,168,241
77.922,982,148,332
77.946,1000,158,382
77.972,1017,157,431
77.998,978,141,384
78.022,972,148,432
78.047,1050,139,446
78.072,1059,106,435
78.097,1034,65,418
78.122,833,-19,550
78.147,777,-63,502
78.171,883,-113,463
78.197,952,-162,430
78.221,922,-205,378
78.246,929,-270,371
78.272,976,-333,352
78.296,1013,-421,247
78.322,1021,-549,199
78.346,986,-668,219
78.371,1021,-892,229
78.396,991,-1086,235
78.421,868,-1187,262
78.446,748,-1259,305
78.471,636,-1377,305
78.495,579,-1519,302
78.521,572,-1637,266
78.546,538,-1663,158
78.570,515,-1670,57
78.596,505,-1694,-5
78.620,501,-1650,-57
78.646,476,-1549,-77
78.670,390,-1419,-85
78.695,232,-1250,-85
78.720,91,-1005,-41
78.745,-27,-762,91
78.770,-282,-584,216
78.795,-408,-418,315
78.820,-295,-251,272
78.845,-123,-112,190
78.870,147,18,61
78.894,511,48,-58
78.920,745,-157,-144
78.944,731,-417,-142
78.970,669,-592,-53
78.995,653,-961,1
79.020,602,-1351,17
79.044,456,-1338,-10
79.070,416,-1123,-54
79.095,521,-947,-41
79.120,660,-874,7
79.145,617,-754,83
79.169,364,-625,149
79.195,132,-612,178
79.219,46,-683,251
79.244,-56,-740,278
79.269,-142,-781,246
79.294,-207,-855,321
79.320,-226,-1014,451
79.344,-240,-1093,557
79.369,-350,-1000,670
79.394,-365,-911,888
79.419,-429,-707,1058
79.444,-556,-648,1109
79.469,-615,-832,998
79.493,-531,-1121,867
79.519,-528,-1277,888
79.543,-578,-1235,1044
79.569,-643,-1158,1186
79.594,-664,-1097,1219
79.618,-674,-970,1162
79.644,-721,-813,1049
79.668,-773,-696,945
79.693,-787,-704,877
79.718,-850,-802,778
79.743,-934,-869,680
79.768,-903,-823,627
79.793,-857,-798,657
79.818,-795,-783,679
79.843,-616,-709,618
79.868,-490,-614,553
79.893,-331,-614,450
79.918,-34,-721,400
79.942,13,-781,448
79.968,-111,-597,520
79.992,-7,-378,455
80.018,277,-320,296
80.042,522,-426,195
80.068,711,-599,158
80.093,780,-908,108
80.118,738,-1264,-40
80.143,713,-1503,-118
80.167,848,-1432,-128
80.193,800,-1176,-153
80.217,723,-896,-53
80.243,586,-592,10
80.268,318,-496,77
80.292,97,-515,212
80.318,-159,-540,322
80.342,-368,-539,386
80.367,-344,-600,445
80.392,-392,-755,541
80.417,-473,-901,637
80.442,-339,-986,769
80.467,-241,-1032,903
80.492,-301,-966,934
80.517,-338,-929,923
80.542,-302,-971,955
80.567,-249,-1031,1038
80.592,-205,-1106,1079
80.616,-161,-1095,1134
80.642,-154,-1055,1218
80.666,-207,-1129,1200
80.691,-351,-1302,998
80.716,-521,-1407,795
80.741,-591,-1457,686
80.767,-637,-1469,574
80.791,-719,-1400,491
80.816,-755,-1225,517
80.841,-748,-1022,587
80.866,-753,-896,689
80.891,-807,-787,820
80.916,-762,-705,884
80.940,-662,-712,900
80.966,-562,-739,878
80.991,-442,-750,817
81.016,-237,-624,830
81.041,-2,-427,784
81.066,194,-293,561
81.091,499,-184,257
81.116,867,-173,80
81.141,1122,-354,-80
81.165,1206,-689,-310
81.191,1052,-1139,-231
81.216,681,-1353,-80
81.241,439,-1368,45
81.266,413,-1290,99
81.290,443,-1087,82
81.316,503,-941,64
81.340,635,-848,79
81.366,698,-774,102
81.390,612,-687,90
81.415,495,-596,89
81.440,361,-542,155
81.465,83,-549,301
81.490,2,-582,449
81.515,-31,-599,495
81.540,-211,-574,564
81.565,-234,-526,678
81.590,-160,-538,879
81.614,-162,-619,989
81.640,-149,-763,929
81.664,-212,-1016,826
81.690,-228,-1320,709
81.715,-142,-1552,640
81.739,-197,-1728,574
81.765,-281,-1712,597
81.789,-315,-1575,707
81.814,-287,-1447,791
81.839,-284,-1353,806
81.864,-286,-1239,813
81.889,-312,-1147,757
81.914,-383,-1177,674
81.939,-455,-1242,606
81.964,-485,-1314,547
81.989,-521,-1408,539
82.014,-559,-1450,545
82.040,-596,-1365,524
82.064,-691,-1271,538
82.089,-717,-1233,654
82.114,-595,-1217,829
82.139,-562,-1181,957
82.164,-517,-964,916
82.189,-278,-648,804
82.214,-112,-425,691
82.239,109,-251,551
82.264,514,-182,299
82.288,905,-310,36
82.314,1051,-416,-125
82.338,1069,-438,-110
82.364,1011,-627,-28
82.389,846,-993,3
82.413,698,-1172,-17
82.439,633,-1211,-25
82.463,590,-1117,16
82.488,660,-916,78
82.513,732,-823,113
82.538,676,-839,137
82.563,603,-778,116
82.588,384,-655,123
82.612,81,-615,228
82.638,-39,-636,405
82.663,-122,-666,500
82.688,-239,-666,463
82.713,-303,-679,509
82.737,-232,-694,693
82.763,-273,-744,798
82.787,-321,-845,739
82.813,-202,-843,770
82.837,19,-901,1071
82.862,-15,-1198,1408
82.887,-127,-1311,1250
82.912,-136,-1315,871
82.937,-161,-1238,637
82.962,-244,-1164,629
82.987,-273,-1179,639
83.012,-274,-1206,648
83.038,-289,-1251,695
83.062,-296,-1320,791
83.087,-291,-1412,871
83.112,-286,-1472,855
83.137,-328,-1472,786
83.162,-342,-1369,744
83.187,-420,-1229,801
83.212,-509,-1076,953
83.237,-413,-1008,1108
83.262,-440,-1104,1187
83.286,-527,-1117,1099
83.312,-391,-1060,810
83.336,-315,-988,439
83.362,-201,-776,257
83.386,-159,-483,237
83.411,-112,-251,197
83.436,79,-125,145
83.461,414,-81,110
83.487,740,-171,77
83.511,895,-399,40
83.536,893,-746,98
83.561,787,-1110,194
83.586,650,-1326,265
83.610,532,-1215,258
83.636,514,-954,222
83.660,628,-823,154
83.686,720,-764,71
83.710,670,-681,-21
83.735,469,-579,-68
83.761,298,-468,55
83.785,188,-521,269
83.811,-65,-563,486
83.835,-232,-507,650
83.860,-214,-576,792
83.885,-190,-732,866
83.910,-174,-922,888
83.935,-250,-1043,894
83.960,-312,-1156,913
83.984,-293,-1226,909
84.010,-308,-1257,918
84.036,-281,-1270,985
84.060,-172,-1307,1143
84.085,-196,-1334,1221
84.110,-304,-1368,1111
84.135,-377,-1421,911
84.160,-432,-1495,738
84.185,-505,-1578,613
84.209,-546,-1545,559
84.235,-560,-1404,614
84.259,-545,-1187,699
84.284,-552,-991,762
84.310,-688,-936,815
84.334,-708,-959,833
84.360,-640,-979,824
84.384,-624,-914,851
84.409,-406,-724,942
84.434,-120,-477,946
84.459,165,-216,784
84.484,480,-54,519
84.509,837,-70,190
84.534,1200,-309,-98
84.559,1407,-622,-160
84.584,1265,-803,48
84.609,966,-911,232
84.634,821,-1084,237
84.658,750,-1191,152
84.684,737,-1188,26
84.708,737,-1047,-56
84.733,855,-900,3
84.759,910,-798,94
84.783,806,-664,106
84.809,639,-579,84
84.833,442,-537,155
84.858,259,-445,265
84.883,-17,-354,344
84.908,-237,-301,446
84.933,-229,-313,601
84.958,-268,-376,701
84.982,-342,-472,779
85.008,-249,-623,847
85.034,-120,-900,820
85.058,35,-1336,673
85.083,137,-1785,526
85.108,80,-2048,425
85.133,-74,-2048,399
85.158,-192,-2048,474
85.183,-244,-2012,540
85.207,-275,-1885,559
85.233,-265,-1797,575
85.258,-278,-1727,589
85.283,-315,-1649,569
85.308,-394,-1542,514
85.332,-525,-1471,469
85.358,-601,-1460,494
85.382,-799,-1448,655
85.407,-885,-1208,841
85.432,-542,-863,788
85.457,-427,-747,635
85.483,-393,-565,589
85.507,-163,-363,492
85.532,156,-286,264
85.557,601,-214,140
85.582,1068,-106,173
85.607,1347,-159,123
85.632,1350,-506,36
85.656,1055,-923,-5
85.682,671,-1045,22
85.706,542,-1009,118
85.732,555,-984,182
85.757,530,-859,127
85.781,541,-734,69
85.807,661,-709,120
85.831,757,-732,183
85.856,722,-731,191
85.881,605,-622,141
85.906,416,-497,98
85.931,232,-487,166
85.956,173,-578,320
85.981,43,-639,421
86.006,-123,-653,479
86.032,-100,-755,590
86.056,-57,-921,687
86.081,-127,-1051,719
86.106,-88,-1152,877
86.131,32,-1306,1095
86.156,-2,-1477,1153
86.181,-81,-1747,1019
86.206,-121,-1840,741
86.231,-163,-1746,513
86.256,-254,-1570,446
86.281,-295,-1416,462
86.306,-288,-1270,494
86.330,-262,-1166,511
86.356,-246,-1170,506
86.380,-236,-1214,530
86.406,-234,-1225,599
86.431,-237,-1267,687
86.455,-244,-1335,777
86.481,-332,-1406,827
86.505,-450,-1342,858
86.530,-523,-1100,954
86.555,-622,-942,1025
86.580,-543,-922,1000
86.605,-321,-932,842
86.630,-240,-885,635
86.654,-147,-697,560
86.680,106,-484,530
86.705,409,-466,336
86.730,683,-521,139
86.755,864,-452,99
86.779,998,-404,69
86.805,1007,-608,-71
86.829,883,-906,-190
86.854,724,-997,-235
86.879,683,-957,-194
86.904,693,-920,-84
86.930,701,-838,-5
86.954,758,-760,15
86.979,749,-678,45
87.004,631,-588,129
87.030,342,-591,222
87.054,50,-511,317
87.080,-88,-434,434
87.104,-272,-548,589
87.129,-440,-650,658
87.155,-416,-784,701
87.179,-382,-977,700
87.204,-335,-1091,662
87.229,-315,-1154,718
87.254,-358,-1147,874
87.279,-413,-1130,980
87.304,-407,-1108,1028
87.328,-338,-1028,1084
87.354,-315,-1002,1107
87.379,-343,-1022,948
87.404,-358,-1052,682
87.429,-433,-1081,495
87.453,-489,-1125,391
87.479,-483,-1183,327
87.503,-439,-1153,309
87.528,-401,-976,349
87.553,-372,-692,422
87.578,-315,-398,457
87.604,-196,-227,425
87.628,-51,-208,348
87.653,66,-212,248
87.678,166,-137,95
87.703,322,-54,-133
87.728,627,-95,-281
87.753,906,-196,-306
87.777,1062,-190,-299
87.803,1157,-62,-469
87.827,1511,46,-609
87.853,2047,-70,-539
87.878,2047,-132,-424
87.902,2047,-68,-524
87.928,2047,93,-599
87.952,2047,119,-690
87.977,2037,-23,-511
88.002,2047,-652,620
88.028,2047,-1447,2047
88.052,1333,-142,1249
88.078,1110,159,244
88.103,987,228,-613
88.127,921,207,-527
88.153,889,7,-239
88.177,892,-159,-198
88.203,995,-161,-276
88.227,1079,11,-221
88.252,1072,120,-107
88.277,1076,131,-19
88.302,1082,165,26
88.326,1076,178,-16
88.352,1054,130,-147
88.377,1040,78,-226
88.402,1033,42,-225
88.427,1021,20,-161
88.451,1023,31,-119
88.477,1032,55,-133
88.501,1037,70,-119
88.527,1038,64,-81
88.551,1043,47,-78
88.576,1038,32,-102
88.602,1023,20,-121
88.626,1016,18,-132
88.651,1017,26,-136
88.676,1026,35,-127
88.701,1027,40,-115
88.726,1023,40,-101
88.751,1023,38,-101
88.775,1026,41,-111
88.801,1029,41,-120
88.825,1023,35,-118
88.851,1020,28,-112
88.876,1024,28,-121
88.900,1020,21,-115
88.926,1013,11,-100
88.950,1015,-23,-102
88.976,984,-68,-105
89.000,923,4,67
89.026,992,47,127
89.050,1001,24,70
89.076,980,35,61
89.101,1022,42,109
89.125,1009,40,186
89.151,939,56,225
89.175,869,69,283
89.201,836,68,290
89.225,810,80,273
89.250,763,139,299
89.275,730,186,379
89.300,687,140,338
89.325,668,135,314
89.350,668,181,350
89.375,598,248,360
89.400,572,225,314
89.425,605,249,303
89.449,623,326,347
89.475,631,313,336
89.499,661,214,341
89.525,630,236,329
89.549,607,272,282
89.574,502,265,324
89.600,619,200,388
89.624,775,298,497
89.650,842,426,503
89.674,796,448,501
89.699,818,411,561
89.724,900,348,571
89.749,889,313,560
89.773,828,287,615
89.799,790,338,630
89.823,822,395,631
89.849,833,321,599
89.874,809,184,594
89.898,806,158,607
89.924,812,194,575
89.948,826,246,478
89.974,898,158,554
89.999,869,11,718
90.024,745,-99,864
90.048,775,-169,971
90.074,880,-281,1001
90.098,879,-354,1016
90.123,864,-271,1047
90.149,1359,-390,1442
90.173,1260,-526,1302
90.199,840,-343,826
90.223,676,-147,977
90.248,730,-326,988
90.273,1024,-661,1081
90.298,1251,-691,1217
90.323,911,-333,1115
90.348,828,-234,1123
90.373,767,-268,1062
90.398,736,-228,1043
90.423,804,-272,999
90.447,822,-306,821
90.473,651,-205,694
90.497,480,8,769
90.523,424,123,965
90.547,722,79,928
90.572,800,160,863
90.597,598,230,1162
90.622,667,244,672
90.648,752,397,168
90.672,617,665,284
90.697,600,649,338
90.722,398,651,368
90.747,444,742,343
90.772,440,751,304
90.797,449,738,313
90.821,481,757,307
90.847,483,724,300
90.871,479,673,273
90.896,513,616,241
90.922,522,555,180
90.946,492,542,164
90.972,452,584,156
90.997,459,625,168
91.022,490,628,159
91.046,493,641,164
91.072,548,620,212
91.096,626,517,159
91.122,651,490,145
91.146,633,435,278
91.171,753,387,136
91.197,866,439,69
91.221,854,449,111
91.246,788,507,-41
91.271,723,515,-106
91.296,822,521,22
91.321,881,584,38
91.346,850,604,-53
91.370,821,567,-109
91.396,809,533,-153
91.421,776,503,-203
91.446,736,463,-234
91.471,707,434,-233
91.495,679,403,-232
91.521,704,399,-247
91.545,783,435,-223
91.570,822,470,-143
91.595,872,422,-137
91.620,945,389,-151
91.645,1035,320,-128
91.670,1089,236,-132
91.695,1051,202,-111
91.720,1104,176,-36
91.745,1131,157,10
91.770,1049,140,10
91.795,986,123,37
91.819,993,124,99
91.845,994,160,185
91.869,941,202,179
91.894,902,195,179
91.919,930,214,253
91.944,995,245,299
91.970,862,225,257
91.995,791,210,246
92.020,759,214,255
92.044,725,211,305
92.070,795,158,217
92.094,660,174,228
92.120,561,224,218
92.144,579,232,226
92.169,586,212,177
92.194,616,254,181
92.219,685,254,260
92.244,751,197,228
92.269,734,240,261
92.294,754,241,564
92.319,703,277,557
92.344,607,359,442
92.368,542,375,410
92.394,452,420,338
92.418,468,489,382
92.444,538,491,470
92.468,558,455,533
92.493,544,429,607
92.519,662,450,553
92.543,629,462,554
92.569,499,438,589
92.593,610,425,645
92.618,798,376,697
92.643,981,358,691
92.668,1066,312,737
92.692,1005,169,773
92.718,1016,154,738
92.743,1208,392,670
92.768,1091,655,718
92.793,859,709,795
92.817,863,585,890
92.843,871,335,1109
92.867,935,114,1172
92.893,1095,-84,1141
92.917,1405,9,996
92.942,1332,221,1011
92.967,1234,355,1166
92.992,1098,139,1170
93.018,988,-11,1105
93.042,999,207,1016
93.068,1050,281,942
93.092,1003,191,864
93.118,870,192,828
93.142,775,246,819
93.167,749,209,732
93.192,736,184,627
93.217,639,181,599
93.243,621,154,589
93.267,686,185,574
93.292,775,230,585
93.317,837,196,590
93.342,853,213,574
93.366,939,255,531
93.392,1081,212,447
93.416,1125,220,395
93.442,1078,306,391
93.467,1109,318,537
93.491,1024,400,664
93.517,414,231,516
93.541,319,388,466
93.567,621,468,-5
93.591,742,278,-112
93.616,708,383,-242
93.641,653,353,-357
93.666,681,372,-292
93.691,685,398,-235
93.716,689,379,-155
93.741,712,321,-112
93.766,769,282,-147
93.791,739,309,-229
93.815,722,293,-222
93.841,795,21,26
93.865,798,153,387
93.891,975,271,102
93.916,973,309,-81
93.940,972,370,-154
93.966,950,429,-211
93.990,896,425,-256
94.016,888,410,-222
94.040,877,429,-243
94.066,819,438,-264
94.090,787,408,-252
94.116,806,357,-234
94.141,832,298,-187
94.165,869,250,-142
94.191,905,240,-127
94.215,915,270,-119
94.241,1007,329,-169
94.265,1085,344,-220
94.290,1032,284,-244
94.315,1005,239,-246
94.340,1014,222,-244
94.366,1035,217,-200
94.390,1010,241,-221
94.415,934,243,-285
94.440,892,240,-295
94.465,933,255,-319
94.489,941,233,-413
94.515,846,210,-271
94.539,819,192,-169
94.565,1267,62,123
94.589,1150,114,-242
94.614,1162,99,-254
94.640,1137,51,-229
94.664,1083,82,-250
94.690,1004,77,-216
94.714,1008,79,-177
94.739,1141,177,-101
94.764,1407,244,-66
94.789,740,164,-58
94.813,534,177,-163
94.839,771,262,-164
94.864,698,354,-244
94.889,616,385,-326
94.914,613,294,-253
94.938,829,293,-192
94.964,775,311,-235
94.988,538,215,-195
95.014,489,177,-148
95.039,723,207,-108
95.064,770,232,-138
95.088,710,233,-151
95.114,753,221,-112
95.139,783,142,-14
95.163,802,172,57
95.189,824,210,100
95.213,853,219,105
95.239,821,187,128
95.263,823,156,236
95.288,847,213,351
95.313,801,321,372
95.338,787,310,308
95.364,723,288,295
95.388,681,362,428
95.413,654,403,496
95.438,431,447,712
95.463,807,441,734
95.488,961,249,752
95.513,623,144,781
95.537,515,68,948
95.563,823,-2,1047
95.587,825,96,1017
95.612,694,123,1075
95.638,711,10,1080
95.662,890,-49,1141
95.688,1119,-26,1327
95.712,1160,-104,1311
95.737,1139,-302,1345
95.762,1191,-275,1368
95.787,1165,-210,1297
95.812,1030,-312,1221
95.837,845,-299,1235
95.862,722,-266,1227
95.887,758,-218,1087
95.912,941,-12,984
95.936,1031,160,935
95.962,910,18,845
95.986,771,-160,788
96.012,787,-111,767
96.037,815,-68,709
96.062,799,-49,663
96.087,790,25,669
96.112,787,63,656
96.137,758,1,584
96.162,786,-72,534
96.187,831,-38,545
96.211,807,5,549
96.237,731,-57,563
96.261,643,-139,599
96.286,583,-168,614
96.311,791,-124,628
96.336,1045,-72,545
96.362,924,21,363
96.386,770,134,202
96.411,807,166,250
96.436,747,210,319
96.461,714,84,235
96.486,743,-37,186
96.511,863,-54,129
96.535,888,-12,53
96.561,809,18,50
96.586,770,-11,146
96.610,790,-60,202
96.636,821,-103,175
96.660,808,-132,237
96.686,765,-157,339
96.710,935,-206,151
96.735,914,-147,116
96.760,902,-97,88
96.785,893,-34,111
96.810,864,-9,143
96.835,875,-117,153
96.860,1013,-235,63
96.885,1038,-280,-2
96.910,1014,-330,45
96.935,1093,-325,29
96.960,1048,-285,-50
96.984,1004,-234,-63
97.010,1037,-207,-97
97.035,982,-192,-140
97.060,912,-159,-145
97.085,906,-132,-256
97.110,923,-136,-342
97.135,940,-126,-365
97.160,827,-128,-287
97.185,868,-109,-310
97.209,920,-74,-347
97.235,940,-44,-371
97.259,925,-20,-381
97.284,906,-2,-379
97.310,928,-7,-362
97.334,975,-18,-349
97.360,981,-28,-338
97.384,963,-41,-313
97.409,944,-59,-261
97.434,1009,-57,-239
97.459,1075,-73,-293
97.484,925,-111,-232
97.509,904,-93,-149
97.534,954,-124,-123
97.559,1080,-164,-162
97.584,1047,-194,-229
97.609,884,-201,-133
97.634,865,-194,-124
97.658,929,-208,-271
97.684,916,-189,-86
97.708,885,-142,-65
97.733,780,-162,-40
97.759,808,-138,29
97.783,794,-114,29
97.809,771,-72,71
97.833,767,3,76
97.858,695,65,122
97.883,702,10,121
97.908,725,-10,112
97.933,709,75,97
97.958,716,148,168
97.982,791,52,197
98.008,868,-14,132
98.034,862,4,202
98.058,892,11,277
98.083,886,8,259
98.108,804,8,271
98.133,843,-4,353
98.158,882,-2,531
98.183,858,-7,609
98.207,833,-57,485
98.233,798,-38,463
98.258,846,22,566
98.283,952,-15,651
98.308,979,-63,660
98.332,956,-70,704
98.358,962,-62,592
98.382,996,-168,815
98.407,1096,-264,1131
98.432,1231,-317,1047
98.457,1232,-220,837
98.483,1281,-171,919
98.507,1141,-330,1026
98.532,1177,-538,1074
98.557,1288,-603,1149
98.582,1329,-653,1034
98.607,1212,-507,956
98.632,1261,-313,1070
98.656,1400,-168,1110
98.682,1123,-72,980
98.706,910,-62,896
98.732,830,-6,918
98.757,429,27,955
98.781,542,-108,688
98.807,1038,-77,320
98.831,841,196,306
98.856,740,229,367
98.881,1123,103,191
98.906,925,227,-147
98.931,787,324,-53
98.956,893,366,25
98.980,1042,390,-110
99.006,1016,381,-313
99.032,1016,375,-348
99.056,1010,405,-309
99.081,917,435,-281
99.106,794,459,-206
99.131,814,492,-17
99.156,869,394,-58
99.181,851,346,-131
99.206,870,350,-203
99.231,822,293,-249
99.256,786,232,-227
99.281,778,301,-222
99.306,732,361,-208
99.330,674,337,-62
99.356,675,257,135
99.380,487,37,407
99.406,538,-434,608
99.430,888,-408,777
99.455,1052,-23,681
99.481,695,113,237
99.505,518,1,-301
99.530,507,-77,273
99.555,975,166,196
99.580,954,436,263
99.605,1005,387,164
99.630,1001,324,10
99.654,972,297,-108
99.680,979,262,-133
99.705,998,254,-91
99.730,1021,255,-36
99.755,1066,261,-16
99.779,1105,283,-18
99.805,1046,250,-99
99.829,930,174,0
99.854,1006,124,36
99.879,1247,146,-29
99.904,1179,212,-42
99.930,860,266,-86
99.954,897,355,-144
99.979,798,375,-240
100.004,783,385,-284
100.030,827,375,-333
100.054,830,375,-385
100.080,832,393,-384
100.104,815,390,-344
100.129,828,373,-341
100.155,861,364,-358
100.179,831,367,-321
100.204,790,322,-294
100.229,832,290,-274
100.254,945,300,-215
100.279,1044,292,-211
100.304,1038,274,-217
100.328,1019,255,-177
100.354,931,232,-129
100.379,963,205,-56
100.404,1003,200,-58
100.429,953,170,-76
100.453,865,133,-25
100.479,909,154,72
100.503,943,190,112
100.528,954,157,6
100.553,890,171,-25
100.578,839,154,136
100.604,806,65,223
100.628,748,111,235
100.653,619,129,344
100.678,489,90,448
100.703,560,88,375
100.728,952,130,534
100.753,857,183,438
100.777,197,301,130
100.803,406,343,229
100.827,529,385,287
100.853,341,489,172
100.878,280,650,237
100.902,196,672,355
100.928,308,645,328
100.952,440,619,199
100.977,541,652,185
101.002,628,660,325
101.028,706,579,383
101.052,778,443,463
101.078,988,313,527
101.103,1052,278,476
101.127,1188,449,378
101.153,1154,572,275
101.177,1183,655,362
101.203,1344,637,596
101.227,1217,466,853
101.252,1279,400,962
101.277,1557,449,869
101.302,1303,492,571
101.327,967,521,730
101.352,983,497,1021
101.377,1185,371,1013
101.402,1409,537,906
101.427,1340,701,836
101.451,1178,486,810
101.477,1148,288,788
101.501,1108,485,760
101.527,1065,640,720
101.552,1029,514,577
101.576,989,361,418
101.602,948,414,385
101.626,903,419,455
101.651,940,365,484
101.676,940,353,396
101.701,932,499,338
101.726,1003,662,385
101.751,969,687,301
101.775,827,620,95
101.801,871,665,3
101.826,947,684,59
101.851,896,605,189
101.876,668,559,354
101.900,553,526,416
101.926,722,488,350
101.950,817,422,96
101.976,812,411,52
102.000,728,507,70
102.026,668,501,129
102.051,694,444,160
102.076,697,358,139
102.101,692,326,143
102.125,683,364,210
102.151,573,384,345
102.175,373,276,432
102.201,760,240,382
102.225,940,439,375
102.250,886,506,189
102.276,827,519,-89
102.300,683,389,-199
102.325,697,390,-82
102.350,761,405,-182
102.375,679,278,-148
102.400,794,400,34
102.425,893,501,-38
102.449,863,489,-262
102.475,790,473,-361
102.500,760,440,-301
102.525,794,390,-180
102.550,879,371,-112
102.574,912,383,-160
102.600,929,407,-261
102.624,916,395,-333
102.650,910,366,-337
102.674,929,336,-291
102.699,958,335,-243
102.724,956,342,-230
102.749,964,352,-248
102.774,966,342,-261
102.799,953,310,-259
102.824,960,312,-255
102.849,964,325,-250
102.874,965,330,-254
102.898,979,313,-247
102.924,994,282,-224
102.948,999,255,-192
102.974,1000,248,-187
103.000,1009,257,-212
103.024,988,261,-227
103.049,952,261,-221
103.074,957,265,-233
103.099,982,258,-250
103.123,993,241,-251
103.149,983,232,-255
103.173,969,231,-256
103.199,973,233,-258
103.224,958,225,-262
103.248,964,226,-266
103.274,959,227,-281
103.298,947,230,-290
103.324,955,244,-292
103.348,957,264,-295
103.373,962,289,-304
103.398,987,313,-300
103.423,987,313,-280
103.448,994,309,-229
103.473,1006,318,-194
103.498,999,321,-195
103.523,985,314,-218
103.548,973,312,-248
103.572,962,307,-274
103.598,961,305,-295
103.622,959,305,-296
103.648,949,299,-286
103.673,936,289,-273
103.697,936,289,-267
103.723,945,301,-268
103.747,946,312,-281
103.772,932,305,-306
103.797,922,306,-329
103.822,917,316,-345
103.847,921,323,-352
103.872,923,325,-351
103.897,907,303,-344
103.922,892,276,-347
103.947,896,282,-350
103.972,916,303,-352
103.998,947,307,-349
104.022,963,290,-352
104.047,952,273,-345
104.072,955,271,-320
104.097,956,281,-306
104.122,959,321,-312
104.147,969,377,-338
104.172,1018,411,-349
104.197,1072,377,-329
104.222,1078,288,-294
104.246,1092,202,-242
104.272,1106,168,-179
104.296,1080,154,-153
104.322,1070,147,-206
104.346,1047,160,-226
104.371,1040,211,-233
104.397,1051,278,-230
104.421,1044,325,-235
104.447,1029,347,-216
104.471,990,375,-199
104.496,914,382,-237
104.521,876,383,-274
104.546,901,406,-296
104.570,972,477,-334
104.596,1080,604,-419
104.620,1181,719,-491
104.646,1092,643,-490
104.671,899,395,-378
104.695,792,176,-190
104.721,768,62,-6
104.745,769,3,77
104.771,957,-152,214
104.795,923,62,212
104.820,871,357,-50
104.845,977,470,-222
104.870,1072,468,-328
104.895,1092,464,-293
104.920,1210,575,82
104.945,1071,606,372
104.970,801,454,228
104.996,668,388,63
105.020,625,431,24
105.045,697,488,30
105.070,728,504,-13
105.095,749,483,-94
105.120,794,474,-145
105.145,938,437,-135
105.170,995,327,-73
105.195,1031,197,-17
105.220,1073,132,31
105.244,1077,224,128
105.270,1173,171,244
105.294,1293,146,374
105.320,1440,198,528
105.344,1505,204,644
105.369,1465,177,656
105.395,1458,28,544
105.419,1418,-79,322
105.445,1300,-68,213
105.469,1246,67,189
105.494,1268,211,182
105.519,1282,308,186
105.544,1335,409,226
105.569,1317,529,261
105.594,1219,599,345
105.618,1197,603,408
105.644,1075,629,419
105.669,865,660,475
105.693,665,755,520
105.719,499,781,485
105.743,352,732,381
105.769,275,697,320
105.793,186,693,309
105.818,128,675,303
105.843,105,694,368
105.868,-28,718,415
105.893,30,727,338
105.918,17,855,489
105.943,13,1027,568
105.968,55,1162,733
105.993,138,1034,790
106.018,180,797,872
106.043,424,679,864
106.068,249,700,957
106.093,34,686,1005
106.118,-84,603,1159
106.143,71,582,1163
106.168,280,704,1078
106.193,284,737,943
106.218,169,681,817
106.243,95,646,663
106.268,110,608,576
106.292,79,577,608
106.318,-6,621,745
106.342,-81,641,910
106.367,-142,634,857
106.392,-184,763,667
106.417,-272,858,694
106.443,-273,980,668
106.467,-201,1133,667
106.492,-131,1234,748
106.517,21,1337,867
106.542,82,1299,1027
106.567,47,1162,1126
106.592,109,1118,1231
106.616,250,1150,1297
106.642,461,1178,1203
106.667,625,1161,1072
106.691,694,1100,987
106.717,691,1036,943
106.741,619,1001,872
106.767,552,962,779
106.791,465,922,693
106.816,341,868,746
106.841,218,775,788
106.866,171,588,751
106.891,109,635,870
106.916,79,650,740
106.941,71,438,670
106.966,62,337,631
106.991,93,403,580
107.016,170,381,511
107.041,101,84,534
107.066,-137,-115,515
107.091,-212,-253,679
107.116,142,-365,946
107.141,-51,-319,662
107.166,-13,-264,548
107.191,19,-143,555
107.216,-91,-44,623
107.241,-59,-70,649
107.266,-28,-178,681
107.290,-77,-319,700
107.316,-121,-431,682
107.340,-124,-475,576
107.366,-123,-516,550
107.390,-96,-517,582
107.415,-62,-515,654
107.441,-24,-573,715
107.465,2,-643,677
107.490,77,-659,633
107.515,125,-572,654
107.540,233,-472,779
107.565,454,-600,1015
107.590,789,-754,1098
107.614,1099,-837,1199
107.640,1219,-740,1063
107.665,1159,-648,663
107.690,957,-596,344
107.715,754,-520,168
107.739,671,-501,-47
107.765,806,-537,-146
107.789,964,-689,-222
107.814,957,-604,-302
107.839,800,-348,-345
107.864,174,-176,-464
107.889,431,-559,-740
107.914,921,-549,-1000
107.939,457,-514,-758
107.964,332,-521,-465
107.989,-84,-419,-868
108.014,-102,-225,-983
108.040,50,-147,-1096
108.064,-204,-49,-1199
108.089,75,-39,-1143
108.114,-148,-44,-1089
108.139,-222,70,-1204
108.163,-43,-49,-1327
108.189,125,-118,-1426
108.214,135,-22,-1317
108.239,93,-32,-1132
108.264,89,-61,-1058
108.288,197,-85,-1116
108.314,303,-71,-1035
108.338,14,132,-1012
108.364,142,133,-1200
108.388,269,117,-1172
108.413,323,68,-1075
108.438,274,41,-1111
108.463,155,57,-869
108.488,133,32,-1028
108.513,26,-144,-1135
108.538,-86,-320,-1205
108.563,-153,-498,-1203
108.588,-101,-548,-1019
108.612,-180,-571,-1051
108.638,-213,-451,-1060
108.662,-147,-360,-1053
108.688,-156,-417,-996
108.713,-269,-345,-956
108.737,-234,-254,-1011
108.763,-277,-359,-997
108.787,-347,-437,-841
108.813,-338,-442,-1271
108.837,-328,-426,-1304
108.862,-348,-332,-1125
108.887,-292,-330,-1204
108.912,-246,-340,-1199
108.936,-238,-368,-1134
108.962,-197,-424,-1086
108.987,-156,-364,-1050
109.012,-157,-355,-1021
109.038,-108,-406,-1028
109.062,-74,-512,-1009
109.087,-65,-600,-1004
109.112,-34,-596,-978
109.137,-21,-572,-899
109.162,-32,-538,-866
109.187,-48,-469,-931
109.211,-62,-439,-914
109.237,-101,-464,-872
109.262,-138,-507,-945
109.286,-97,-480,-1006
109.312,-33,-366,-1028
109.336,-26,-371,-1037
109.362,64,-412,-976
109.386,73,-430,-1034
109.411,54,-465,-1118
109.436,51,-476,-1110
109.461,33,-442,-1093
109.486,37,-343,-974
109.511,44,-404,-805
109.536,-33,-374,-963
109.561,-45,-366,-923
109.586,-18,-366,-871
109.610,10,-360,-1005
109.636,38,-325,-1119
109.660,68,-256,-1035
109.686,82,-212,-1084
109.710,56,-420,-1086
109.735,6,-575,-1042
109.760,1,-497,-1010
109.785,6,-420,-940
109.811,-24,-325,-912
109.835,-136,-211,-974
109.860,-189,-328,-1075
109.885,-167,-366,-1020
109.910,-127,-372,-963
109.935,-96,-401,-1016
109.960,-26,-406,-1143
109.984,44,-429,-1170
110.010,119,-570,-1054
110.035,247,-450,-875
110.060,106,-401,-1020
110.085,25,-394,-1063
110.110,-35,-389,-1050
110.135,-69,-395,-1035
110.160,-73,-440,-1039
110.185,-55,-522,-1141
110.209,-11,-146,-1096
110.235,-70,-381,-1093
110.259,-14,-557,-1119
110.284,80,-245,-1027
110.309,20,-112,-898
110.334,-51,-230,-1026
110.360,-35,-248,-1034
110.384,-47,-242,-1029
110.409,-27,-249,-1054
110.434,21,-264,-1042
110.459,-77,-301,-1081
110.484,-67,-156,-1000
110.509,-8,-209,-1044
110.533,-9,-238,-1145
110.559,-29,-244,-1127
110.583,-6,-257,-1095
110.609,4,-447,-1044
110.634,-57,-802,-984
110.658,119,-285,-1046
110.684,78,-193,-1026
110.708,-2,-201,-1052
110.733,-15,-201,-1030
110.758,-29,-215,-1085
110.783,-34,-214,-1199
110.808,-34,-220,-1046
110.833,-24,-210,-1017
110.857,-29,-204,-1069
110.883,-29,-200,-1069
110.907,-30,-199,-1069
110.933,-30,-197,-1068
110.958,-30,-196,-1070
110.982,-30,-198,-1070
; stopping logging: connected to computer
